<?xml version="1.0" encoding="UTF-8"?>
<record_update table="sys_app">
    <sys_app action="INSERT_OR_UPDATE">
        <active>true</active>
        <enforce_license>log</enforce_license>
        <js_level>helsinki_es5</js_level>
        <licensable>true</licensable>
        <license_model>none</license_model>
        <logo/>
        <menu display_value="Amazon Echo">80f504bd13fe9200d0143d622244b008</menu>
        <name>Amazon Echo</name>
        <private>false</private>
        <restrict_table_access>false</restrict_table_access>
        <runtime_access_tracking>permissive</runtime_access_tracking>
        <scope>x_snc_amazon_echo</scope>
        <scoped_administration>false</scoped_administration>
        <short_description/>
        <source>x_snc_amazon_echo</source>
        <store_correlation_id/>
        <store_url/>
        <sys_class_name>sys_app</sys_class_name>
        <sys_code/>
        <sys_created_by>admin</sys_created_by>
        <sys_created_on>2016-04-05 14:33:43</sys_created_on>
        <sys_id>101eb7da13a21200d0143d622244b063</sys_id>
        <sys_mod_count>9</sys_mod_count>
        <sys_updated_by>jc</sys_updated_by>
        <sys_updated_on>2017-05-13 02:02:01</sys_updated_on>
        <template/>
        <trackable>true</trackable>
        <user_role/>
        <vendor/>
        <vendor_prefix/>
        <version>2.1.1</version>
    </sys_app>
</record_update>
