<?xml version="1.0" encoding="UTF-8"?>
<record_update table="m2m_sp_theme_css_include">
    <m2m_sp_theme_css_include action="INSERT_OR_UPDATE">
        <order/>
        <sp_css_include display_value="Echo Showcase">435c1e65db2d3a00d1a9f1351d961979</sp_css_include>
        <sp_theme display_value="Amazon Echo">22c716e1db2d3a00d1a9f1351d961964</sp_theme>
        <sys_class_name>m2m_sp_theme_css_include</sys_class_name>
        <sys_created_by>jc</sys_created_by>
        <sys_created_on>2017-03-16 22:51:24</sys_created_on>
        <sys_customer_update>true</sys_customer_update>
        <sys_id>8e7c1e65db2d3a00d1a9f1351d96194e</sys_id>
        <sys_mod_count>0</sys_mod_count>
        <sys_name>Echo Showcase.Amazon Echo</sys_name>
        <sys_package display_value="Amazon Echo" source="x_snc_amazon_echo">101eb7da13a21200d0143d622244b063</sys_package>
        <sys_policy/>
        <sys_replace_on_upgrade>false</sys_replace_on_upgrade>
        <sys_scope display_value="Amazon Echo">101eb7da13a21200d0143d622244b063</sys_scope>
        <sys_update_name>m2m_sp_theme_css_include_8e7c1e65db2d3a00d1a9f1351d96194e</sys_update_name>
        <sys_updated_by>jc</sys_updated_by>
        <sys_updated_on>2017-03-16 22:51:24</sys_updated_on>
    </m2m_sp_theme_css_include>
</record_update>
