<?xml version="1.0" encoding="UTF-8"?>
<record_update table="pa_dashboards_permissions">
    <pa_dashboards_permissions action="INSERT_OR_UPDATE">
        <dashboard display_value="PMO Director Dashboard">99568b3413151200c65850f32244b07d</dashboard>
        <delete>true</delete>
        <group/>
        <identity>pa_admin</identity>
        <read>true</read>
        <role display_value="pa_admin" name="pa_admin">a4cc30b3bf101100b96dac808c073918</role>
        <sys_class_name>pa_dashboards_permissions</sys_class_name>
        <sys_created_by>jc</sys_created_by>
        <sys_created_on>2017-05-08 20:26:53</sys_created_on>
        <sys_customer_update>true</sys_customer_update>
        <sys_id>c2a7fae2db6e7600d1a9f1351d961963</sys_id>
        <sys_mod_count>0</sys_mod_count>
        <sys_name>pa_admin</sys_name>
        <sys_package display_value="Amazon Echo" source="x_snc_amazon_echo">101eb7da13a21200d0143d622244b063</sys_package>
        <sys_policy/>
        <sys_replace_on_upgrade>false</sys_replace_on_upgrade>
        <sys_scope display_value="Amazon Echo">101eb7da13a21200d0143d622244b063</sys_scope>
        <sys_update_name>pa_dashboards_permissions_c2a7fae2db6e7600d1a9f1351d961963</sys_update_name>
        <sys_updated_by>jc</sys_updated_by>
        <sys_updated_on>2017-05-08 20:26:53</sys_updated_on>
        <type>1</type>
        <user/>
        <write>true</write>
    </pa_dashboards_permissions>
</record_update>
