<?xml version="1.0" encoding="UTF-8"?>
<record_update table="sp_css">
    <sp_css action="INSERT_OR_UPDATE">
        <css>.carousel-nav {&#13;
  text-align: center;&#13;
  font-size: 28px;&#13;
}&#13;
&#13;
.active-nav {&#13;
  border-bottom: 2px;&#13;
  border-bottom-style: solid;&#13;
  border-color: rgb(46, 112, 176);&#13;
}&#13;
&#13;
.padded {&#13;
  padding: 10px; &#13;
  padding-top: 50px;&#13;
}&#13;
&#13;
.centered-header {&#13;
  text-align: center;&#13;
  font-size: large;&#13;
}&#13;
&#13;
.max-height: {&#13;
  height: 300px; &#13;
}&#13;
&#13;
.carousel-content-box {&#13;
  border-style: none;&#13;
  border-width: 1px;&#13;
  height: 250px;&#13;
  box-shadow: 0px 7px 14px 0px #888888;&#13;
  background: #fff;&#13;
}&#13;
&#13;
.carousel-text {&#13;
  font-size: large; &#13;
&#13;
}&#13;
&#13;
.image-box {&#13;
  width: 100%;&#13;
  height: 40%;&#13;
  text-align: center;&#13;
}&#13;
&#13;
.text-box {&#13;
  width: 100%;&#13;
  height: 60%;&#13;
  padding: 5px;&#13;
  text-align: center;&#13;
}&#13;
&#13;
.hr {&#13;
  margin-top: 0px !important;&#13;
  margin-bottom: 0px !important;&#13;
}&#13;
&#13;
</css>
        <name>echo-carousel</name>
        <sys_class_name>sp_css</sys_class_name>
        <sys_created_by>jc</sys_created_by>
        <sys_created_on>2017-03-17 06:18:41</sys_created_on>
        <sys_customer_update>true</sys_customer_update>
        <sys_id>86d24831db217a00d1a9f1351d9619ee</sys_id>
        <sys_mod_count>17</sys_mod_count>
        <sys_name>echo-carousel</sys_name>
        <sys_package display_value="Amazon Echo" source="x_snc_amazon_echo">101eb7da13a21200d0143d622244b063</sys_package>
        <sys_policy/>
        <sys_replace_on_upgrade>false</sys_replace_on_upgrade>
        <sys_scope display_value="Amazon Echo">101eb7da13a21200d0143d622244b063</sys_scope>
        <sys_update_name>sp_css_86d24831db217a00d1a9f1351d9619ee</sys_update_name>
        <sys_updated_by>jc</sys_updated_by>
        <sys_updated_on>2017-03-17 21:18:52</sys_updated_on>
    </sp_css>
</record_update>
