<?xml version="1.0" encoding="UTF-8"?>
<record_update table="sp_column">
    <sp_column action="INSERT_OR_UPDATE">
        <class_name/>
        <order>1</order>
        <size>12</size>
        <size_lg/>
        <size_sm/>
        <size_xs/>
        <sp_row display_value="1">fad1c4fddbed3a00d1a9f1351d961906</sp_row>
        <sys_class_name>sp_column</sys_class_name>
        <sys_created_by>jc</sys_created_by>
        <sys_created_on>2017-03-17 06:14:22</sys_created_on>
        <sys_customer_update>true</sys_customer_update>
        <sys_id>fed188fddbed3a00d1a9f1351d961962</sys_id>
        <sys_mod_count>0</sys_mod_count>
        <sys_name>1</sys_name>
        <sys_package display_value="Amazon Echo" source="x_snc_amazon_echo">101eb7da13a21200d0143d622244b063</sys_package>
        <sys_policy/>
        <sys_replace_on_upgrade>false</sys_replace_on_upgrade>
        <sys_scope display_value="Amazon Echo">101eb7da13a21200d0143d622244b063</sys_scope>
        <sys_update_name>sp_column_fed188fddbed3a00d1a9f1351d961962</sys_update_name>
        <sys_updated_by>jc</sys_updated_by>
        <sys_updated_on>2017-03-17 06:14:22</sys_updated_on>
    </sp_column>
</record_update>
