<?xml version="1.0" encoding="UTF-8"?>
<record_update table="sp_css_include">
    <sp_css_include action="INSERT_OR_UPDATE">
        <name>echo-showcase</name>
        <source>local</source>
        <sp_css display_value="echo-showcase">ef7c5e65db2d3a00d1a9f1351d9619a4</sp_css>
        <sys_class_name>sp_css_include</sys_class_name>
        <sys_created_by>jc</sys_created_by>
        <sys_created_on>2017-03-16 22:51:35</sys_created_on>
        <sys_customer_update>true</sys_customer_update>
        <sys_id>898c5e65db2d3a00d1a9f1351d96195c</sys_id>
        <sys_mod_count>0</sys_mod_count>
        <sys_name>echo-showcase</sys_name>
        <sys_package display_value="Amazon Echo" source="x_snc_amazon_echo">101eb7da13a21200d0143d622244b063</sys_package>
        <sys_policy/>
        <sys_replace_on_upgrade>false</sys_replace_on_upgrade>
        <sys_scope display_value="Amazon Echo">101eb7da13a21200d0143d622244b063</sys_scope>
        <sys_update_name>sp_css_include_898c5e65db2d3a00d1a9f1351d96195c</sys_update_name>
        <sys_updated_by>jc</sys_updated_by>
        <sys_updated_on>2017-03-16 22:51:35</sys_updated_on>
        <url/>
    </sp_css_include>
</record_update>
