<?xml version="1.0" encoding="UTF-8"?>
<record_update table="sp_css_include">
    <sp_css_include action="INSERT_OR_UPDATE">
        <name>echo-carousel</name>
        <source>local</source>
        <sp_css display_value="echo-carousel">86d24831db217a00d1a9f1351d9619ee</sp_css>
        <sys_class_name>sp_css_include</sys_class_name>
        <sys_created_by>jc</sys_created_by>
        <sys_created_on>2017-03-17 06:18:41</sys_created_on>
        <sys_customer_update>true</sys_customer_update>
        <sys_id>86d24c31db217a00d1a9f1351d96196e</sys_id>
        <sys_mod_count>0</sys_mod_count>
        <sys_name>echo-carousel</sys_name>
        <sys_package display_value="Amazon Echo" source="x_snc_amazon_echo">101eb7da13a21200d0143d622244b063</sys_package>
        <sys_policy/>
        <sys_replace_on_upgrade>false</sys_replace_on_upgrade>
        <sys_scope display_value="Amazon Echo">101eb7da13a21200d0143d622244b063</sys_scope>
        <sys_update_name>sp_css_include_86d24c31db217a00d1a9f1351d96196e</sys_update_name>
        <sys_updated_by>jc</sys_updated_by>
        <sys_updated_on>2017-03-17 06:18:41</sys_updated_on>
        <url/>
    </sp_css_include>
</record_update>
