<?xml version="1.0" encoding="UTF-8"?>
<record_update table="sp_instance">
    <sp_instance action="INSERT_OR_UPDATE">
        <active>true</active>
        <class_name/>
        <color>default</color>
        <css/>
        <glyph/>
        <id/>
        <order>1</order>
        <short_description/>
        <size>md</size>
        <sp_column display_value="1">fed188fddbed3a00d1a9f1351d961962</sp_column>
        <sp_widget display_value="Echo Showcase - Detail Carousel">1e6140fddbed3a00d1a9f1351d9619a6</sp_widget>
        <sys_class_name>sp_instance</sys_class_name>
        <sys_created_by>jc</sys_created_by>
        <sys_created_on>2017-03-17 06:14:45</sys_created_on>
        <sys_customer_update>true</sys_customer_update>
        <sys_id>24f188fddbed3a00d1a9f1351d9619e3</sys_id>
        <sys_mod_count>0</sys_mod_count>
        <sys_name/>
        <sys_package display_value="Amazon Echo" source="x_snc_amazon_echo">101eb7da13a21200d0143d622244b063</sys_package>
        <sys_policy/>
        <sys_replace_on_upgrade>false</sys_replace_on_upgrade>
        <sys_scope display_value="Amazon Echo">101eb7da13a21200d0143d622244b063</sys_scope>
        <sys_update_name>sp_instance_24f188fddbed3a00d1a9f1351d9619e3</sys_update_name>
        <sys_updated_by>jc</sys_updated_by>
        <sys_updated_on>2017-03-17 06:14:45</sys_updated_on>
        <title/>
        <url/>
        <widget_parameters/>
    </sp_instance>
    <sys_translated_text action="delete_multiple" query="documentkey=24f188fddbed3a00d1a9f1351d9619e3"/>
</record_update>
