<?xml version="1.0" encoding="UTF-8"?>
<record_update table="sp_instance">
    <sp_instance action="INSERT_OR_UPDATE">
        <active>true</active>
        <class_name/>
        <color>default</color>
        <css/>
        <glyph/>
        <id/>
        <order>0</order>
        <short_description/>
        <size>md</size>
        <sp_column display_value="3">c45a1a25db2d3a00d1a9f1351d961965</sp_column>
        <sp_widget display_value="Echo Showcase - Instructions">c83bd265db2d3a00d1a9f1351d96196b</sp_widget>
        <sys_class_name>sp_instance</sys_class_name>
        <sys_created_by>jc</sys_created_by>
        <sys_created_on>2017-03-16 22:56:46</sys_created_on>
        <sys_customer_update>true</sys_customer_update>
        <sys_id>f0bd96a5db2d3a00d1a9f1351d961986</sys_id>
        <sys_mod_count>1</sys_mod_count>
        <sys_name/>
        <sys_package display_value="Amazon Echo" source="x_snc_amazon_echo">101eb7da13a21200d0143d622244b063</sys_package>
        <sys_policy/>
        <sys_replace_on_upgrade>false</sys_replace_on_upgrade>
        <sys_scope display_value="Amazon Echo">101eb7da13a21200d0143d622244b063</sys_scope>
        <sys_update_name>sp_instance_f0bd96a5db2d3a00d1a9f1351d961986</sys_update_name>
        <sys_updated_by>jc</sys_updated_by>
        <sys_updated_on>2017-03-16 22:56:46</sys_updated_on>
        <title/>
        <url/>
        <widget_parameters/>
    </sp_instance>
    <sys_translated_text action="delete_multiple" query="documentkey=f0bd96a5db2d3a00d1a9f1351d961986"/>
</record_update>
