<?xml version="1.0" encoding="UTF-8"?>
<record_update table="sp_portal">
    <sp_portal action="INSERT_OR_UPDATE">
        <css_variables/>
        <default>false</default>
        <homepage display_value="echo_home">06f99625db2d3a00d1a9f1351d961915</homepage>
        <icon/>
        <kb_knowledge_base/>
        <kb_knowledge_page/>
        <login_page/>
        <logo/>
        <notfound_page/>
        <quick_start_config/>
        <sc_catalog/>
        <sc_catalog_page/>
        <sp_chat_queue/>
        <sp_rectangle_menu/>
        <sqanda_knowledge_base/>
        <sys_class_name>sp_portal</sys_class_name>
        <sys_created_by>jc</sys_created_by>
        <sys_created_on>2017-03-15 22:11:48</sys_created_on>
        <sys_customer_update>true</sys_customer_update>
        <sys_id>cdc981d1dbe13a00d1a9f1351d961942</sys_id>
        <sys_mod_count>4</sys_mod_count>
        <sys_name>Amazon Echo Showcase Portal</sys_name>
        <sys_package display_value="Amazon Echo" source="x_snc_amazon_echo">101eb7da13a21200d0143d622244b063</sys_package>
        <sys_policy/>
        <sys_replace_on_upgrade>false</sys_replace_on_upgrade>
        <sys_scope display_value="Amazon Echo">101eb7da13a21200d0143d622244b063</sys_scope>
        <sys_update_name>sp_portal_cdc981d1dbe13a00d1a9f1351d961942</sys_update_name>
        <sys_updated_by>jc</sys_updated_by>
        <sys_updated_on>2017-03-16 22:40:46</sys_updated_on>
        <theme display_value="Amazon Echo">22c716e1db2d3a00d1a9f1351d961964</theme>
        <title>Amazon Echo Showcase Portal</title>
        <url_suffix>echo</url_suffix>
    </sp_portal>
    <sys_translated_text action="delete_multiple" query="documentkey=cdc981d1dbe13a00d1a9f1351d961942"/>
</record_update>
