<?xml version="1.0" encoding="UTF-8"?>
<record_update table="sp_theme">
    <sp_theme action="INSERT_OR_UPDATE">
        <css_variables>$sp-logo-margin-x: 		15px !default;&#13;
$sp-tagline-color:		$text-color !default;&#13;
$navbar-inverse-bg: 	#FFF !default;&#13;
$navbar-inverse-link-color: #bdc0c4 !default;&#13;
$navbar-inverse-link-hover-color: #ffffff !default;&#13;
$body-bg: 				#f0f3f4 !default;&#13;
$dropdown-link-disabled-color: #ccc;&#13;
</css_variables>
        <footer/>
        <footer_fixed>false</footer_fixed>
        <header/>
        <name>Amazon Echo</name>
        <navbar_fixed>false</navbar_fixed>
        <sys_class_name>sp_theme</sys_class_name>
        <sys_created_by>jc</sys_created_by>
        <sys_created_on>2017-03-16 22:31:41</sys_created_on>
        <sys_customer_update>true</sys_customer_update>
        <sys_id>22c716e1db2d3a00d1a9f1351d961964</sys_id>
        <sys_mod_count>2</sys_mod_count>
        <sys_name>Amazon Echo</sys_name>
        <sys_package display_value="Amazon Echo" source="x_snc_amazon_echo">101eb7da13a21200d0143d622244b063</sys_package>
        <sys_policy/>
        <sys_replace_on_upgrade>false</sys_replace_on_upgrade>
        <sys_scope display_value="Amazon Echo">101eb7da13a21200d0143d622244b063</sys_scope>
        <sys_update_name>sp_theme_22c716e1db2d3a00d1a9f1351d961964</sys_update_name>
        <sys_updated_by>jc</sys_updated_by>
        <sys_updated_on>2017-03-17 21:26:42</sys_updated_on>
    </sp_theme>
</record_update>
