<?xml version="1.0" encoding="UTF-8"?>
<record_update table="sp_widget">
    <sp_widget action="INSERT_OR_UPDATE">
        <client_script><![CDATA[function() {
	/* widget controller */
	var c = this;
	$('.carousel').carousel(0)
	$('.carousel').carousel('pause')
	c.activeNav = 0;

	c.setActiveNav = function(n) {
		c.activeNav = n;
		$('.carousel').carousel(n)
		$('.carousel').carousel('pause')
	}
}]]></client_script>
        <controller_as>c</controller_as>
        <css>.padded-carousel-content-box {
  background-color: #fff;
  padding-left: 15px;
  padding-right: 15px;
  padding-bottom: 15px; 
  min-height: 300px;
  box-shadow: 0px 7px 14px 0px #888888;
}

.carousel-height {
  height: 430px; 
}</css>
        <data_table>sp_instance</data_table>
        <demo_data/>
        <description/>
        <docs/>
        <field_list/>
        <has_preview>false</has_preview>
        <id>echo-carousel</id>
        <internal>false</internal>
        <link/>
        <name>Echo Showcase - Detail Carousel</name>
        <option_schema/>
        <public>false</public>
        <roles/>
        <script><![CDATA[(function() {
  /* populate the 'data' object */
  /* e.g., data.table = $sp.getValue('table'); */
	
	data.intents = new x_snc_amazon_echo.EchoPortalUtils().getOrderedTopLevelIntents();
})();]]></script>
        <servicenow>false</servicenow>
        <sys_class_name>sp_widget</sys_class_name>
        <sys_created_by>jc</sys_created_by>
        <sys_created_on>2017-03-17 06:12:25</sys_created_on>
        <sys_customer_update>true</sys_customer_update>
        <sys_id>1e6140fddbed3a00d1a9f1351d9619a6</sys_id>
        <sys_mod_count>62</sys_mod_count>
        <sys_name>Echo Showcase - Detail Carousel</sys_name>
        <sys_package display_value="Amazon Echo" source="x_snc_amazon_echo">101eb7da13a21200d0143d622244b063</sys_package>
        <sys_policy/>
        <sys_replace_on_upgrade>false</sys_replace_on_upgrade>
        <sys_scope display_value="Amazon Echo">101eb7da13a21200d0143d622244b063</sys_scope>
        <sys_update_name>sp_widget_1e6140fddbed3a00d1a9f1351d9619a6</sys_update_name>
        <sys_updated_by>jc</sys_updated_by>
        <sys_updated_on>2017-05-03 19:53:48</sys_updated_on>
        <template><![CDATA[<div>
  <div class="row">
    <div ng-click="c.setActiveNav(0)"
         class="carousel-nav col-md-4"
         ng-class="{ 'active-nav': c.activeNav == 0}"
         >
      How does it work?
    </div>
    <div ng-click="c.setActiveNav(1)"
         class="carousel-nav col-md-4"
         ng-class="{ 'active-nav': c.activeNav == 1}"
         >
      What else can it do?
    </div>
    <div ng-click="c.setActiveNav(2)" 
         class="carousel-nav col-md-4"
         ng-class="{ 'active-nav': c.activeNav == 2}"
         >
      Where do I get it?!
    </div>
  </div>


  <div id="myCarousel" class="carousel slide" data-ride="carousel" data-interval="false">

    <!-- Wrapper for slides -->
    <div class="carousel-inner carousel-height" role="listbox">
      <div class="item active">
        <div class="row padded">
          <div class="col-md-3 max-height">
            <div class="carousel-content-box">
              <div class="image-box">
                <img src="echo-carousel-ask.png" height="90px"/>
              </div>
              <hr>

              <div class="text-box">
                Create an Alexa Skill using the Amazon Alexa Skill Kit portal. The Alexa Skill points to an HTTP endpoint, and sends specially formatted requests and responses to and from that endpoint respectively.
              </div>
            </div>
          </div>
          <div class="col-md-3  max-height">
            <div class="carousel-content-box">
              <div class="image-box" style="padding:5px;">
                <img src="echo-carousel-rest.png" height="70px"/>
              </div>
              <hr>
              <div class="text-box">
                Scripted REST APIs in the target ServiceNow instance receive the spoken command from the Alexa skill.
              </div>
            </div>
          </div>
          <div class="col-md-3 max-height">
            <div class="carousel-content-box">
              <div class="image-box" style="padding:5px;">
                <img src="echo-carousel-script.png" width="250" height="95"/>
              </div>
              <hr>

              <div class="text-box">
                The Amazon Echo application within the ServiceNow instance processes the request through the Intent table, and forms a verbal response based on the results.
              </div>              

            </div>
          </div>
          <div class="col-md-3 max-height">
            <div class="carousel-content-box">
              <div class="image-box" style="padding:5px;">
                <img src="echo-carousel-echo-talking.png" width="38" height="90"/>              </div>
              <hr>
              <div class="text-box">
                The response is sent back to the Alexa Skill Kit, and is read aloud by the Amazon Echo. Magic!
              </div>              
            </div>
          </div>
        </div>
      </div>

      <div class="item">
        <div class="row padded">
          <div class="col-md-9 max-height carousel-text">
            <div class="padded-carousel-content-box">
              <u>The short answer:</u> Anything!<br><br>

              <u>The long answer:</u> 
              The Alexa app was built to allow easy addition of new phrases and responses from your ServiceNow instance. An Intent Schema and Utterance generator makes it easy to create new phrases and bring them to your Alexa skill.
              <p><p>
              A series of Intents can be defined that store how you want to handle and respond to phrases. Each Intent has a list of phrases that, when spoken, will call that Intent. The script contained within the intent is pre-formatted to send the response back to the Alexa skill.
              <p><p>
              This means you can easily define your own intents and phrases, and paste the content into your Alexa Skill for rapid skill deployment! Get creative!
            </div>
          </div>
          <div class="col-md-3 max-height carousel-text padded-carousel-content-box">
            <div class="centered-header">
              Full list of phrases:
            </div>
            <ul>
              <li ng-repeat="intent in c.data.intents">{{ intent }}</li>
            </ul>
          </div>
        </div>
      </div>

      <div class="item">
        <div class="row padded">
          <div class="col-md-12 mad-height">
            <div class="centered-header padded-carousel-content-box">
              Get it right here!
              <br>
              Simply scan the QR code with your phone, which will take you to the community page:<p>
              <img src="qrcode.png" width="207" height="210"/>

              </p>
              <br>
              If you're more of a "I like to type my own links" kinda person, then here's the direct link to the Community: 
              <p>
                <a href="https://community.servicenow.com/docs/DOC-6805">https://community.servicenow.com/docs/DOC-6805</a>
              </p>
            </div>
          </div>

        </div>
      </div>
    </div>
  </div>]]></template>
    </sp_widget>
</record_update>
