<?xml version="1.0" encoding="UTF-8"?>
<record_update table="sp_widget">
    <sp_widget action="INSERT_OR_UPDATE">
        <client_script><![CDATA[function() {
  /* widget controller */
  var c = this;
}]]></client_script>
        <controller_as>c</controller_as>
        <css/>
        <data_table>sp_instance</data_table>
        <demo_data/>
        <description/>
        <docs/>
        <field_list/>
        <has_preview>true</has_preview>
        <id>echo-instructions</id>
        <internal>false</internal>
        <link/>
        <name>Echo Showcase - Instructions</name>
        <option_schema/>
        <public>false</public>
        <roles/>
        <script><![CDATA[(function() {
  /* populate the 'data' object */
  /* e.g., data.table = $sp.getValue('table'); */

})();]]></script>
        <servicenow>false</servicenow>
        <sys_class_name>sp_widget</sys_class_name>
        <sys_created_by>jc</sys_created_by>
        <sys_created_on>2017-03-16 22:46:09</sys_created_on>
        <sys_customer_update>true</sys_customer_update>
        <sys_id>c83bd265db2d3a00d1a9f1351d96196b</sys_id>
        <sys_mod_count>38</sys_mod_count>
        <sys_name>Echo Showcase - Instructions</sys_name>
        <sys_package display_value="Amazon Echo" source="x_snc_amazon_echo">101eb7da13a21200d0143d622244b063</sys_package>
        <sys_policy/>
        <sys_replace_on_upgrade>false</sys_replace_on_upgrade>
        <sys_scope display_value="Amazon Echo">101eb7da13a21200d0143d622244b063</sys_scope>
        <sys_update_name>sp_widget_c83bd265db2d3a00d1a9f1351d96196b</sys_update_name>
        <sys_updated_by>jc</sys_updated_by>
        <sys_updated_on>2017-04-18 02:14:24</sys_updated_on>
        <template><![CDATA[<div class="content-box ">
  <!-- your widget template -->
  <div class="instructions">
    <div class="header">
      To get started, say<br>
      "Alexa, Open ServiceNow".
    </div>
    <div class="subheader">
      Here are some other things to ask Alexa:
    </div>

    <div class="center">
      <!-- Projects -->
      <div class="icon-row">
        <div class="icon-box">
          <img src="echo-project.png" width="43" height="36"/>
        </div>
        <div class="icon-box-text">
          "What's the status of my IT Operations Portfolio?"
        </div>
      </div>

      <!-- Outages -->
      <div class="icon-row">
        <div class="icon-box-text">
          "Are there any service interruptions?"
        </div>
        <div class="icon-box">
          <img src="echo-outage.png" height="40"/>
        </div>
      </div>

      <!-- Changes -->
      <div class="icon-row">
        <div class="icon-box">
          <img src="echo-change.png" width="43" height="36"/>
        </div>
        <div class="icon-box-text">
          "Are there any Changes this week?"
        </div>
      </div>

      <!-- Budget -->
      <div class="icon-row">
        <div class="icon-box-text">
          "Are there any Security threats?"
        </div>
        <div class="icon-box">
          <img src="echo-security.png" height="40"/>
        </div>
      </div>
      See the full list of commands below!
      <!--
<div class="icon-box left">

</div>
<div class="icon-text">
Are there any changes this week?
</div>

<div class="icon-box right">

</div>
<div class="icon-text">
Is my IT CapEx budget on track?
</div>
-->

    </div>
  </div>
</div>]]></template>
    </sp_widget>
</record_update>
