<?xml version="1.0" encoding="UTF-8"?>
<record_update table="sp_widget">
    <sp_widget action="INSERT_OR_UPDATE">
        <client_script><![CDATA[function($scope, spUtil) {
	var c = this;
	
	spUtil.recordWatch($scope, "x_snc_amazon_echo_log", "", function() {
		c.server.update();
	});
}]]></client_script>
        <controller_as>c</controller_as>
        <css/>
        <data_table>sp_instance</data_table>
        <demo_data/>
        <description/>
        <docs/>
        <field_list/>
        <has_preview>false</has_preview>
        <id>echo-conversation</id>
        <internal>false</internal>
        <link/>
        <name>Echo Showcase - Conversation</name>
        <option_schema/>
        <public>false</public>
        <roles/>
        <script><![CDATA[(function() {
	data.conversations = new x_snc_amazon_echo.EchoConversation().recentConversations;
})();]]></script>
        <servicenow>false</servicenow>
        <sys_class_name>sp_widget</sys_class_name>
        <sys_created_by>jc</sys_created_by>
        <sys_created_on>2017-03-17 03:09:11</sys_created_on>
        <sys_customer_update>true</sys_customer_update>
        <sys_id>1677dbe5dbad3a00d1a9f1351d961986</sys_id>
        <sys_mod_count>32</sys_mod_count>
        <sys_name>Echo Showcase - Conversation</sys_name>
        <sys_package display_value="Amazon Echo" source="x_snc_amazon_echo">101eb7da13a21200d0143d622244b063</sys_package>
        <sys_policy/>
        <sys_replace_on_upgrade>false</sys_replace_on_upgrade>
        <sys_scope display_value="Amazon Echo">101eb7da13a21200d0143d622244b063</sys_scope>
        <sys_update_name>sp_widget_1677dbe5dbad3a00d1a9f1351d961986</sys_update_name>
        <sys_updated_by>jc</sys_updated_by>
        <sys_updated_on>2017-04-13 03:56:42</sys_updated_on>
        <template><![CDATA[<div class="content-box ">
  <div class="header">
    Interact wth Alexa
  </div>
  <div id="conversation-container" >
    <div class="conversations" ng-repeat="conversation in c.data.conversations">
      <div class="talk-bubble tri-right round inbound left-in">
        <div class="talktext">
          <p>{{ conversation.inbound }}</p>
        </div>
      </div>
      <p />
      <div class="talk-bubble tri-right round outbound right-in">
        <div class="talktext">
          <p>{{ conversation.outbound }}</p>
        </div>
      </div>
      <br />
      <br />
    </div>
  </div>
</div>

]]></template>
    </sp_widget>
</record_update>
