<?xml version="1.0" encoding="UTF-8"?>
<record_update>
    <sys_ui_section caption="Data" section_id="84ba7982dbd9b200d1a9f1351d96194f" sys_domain="global" table="x_snc_amazon_echo_utterance" version="3" view="">
        <sys_ui_element action="INSERT_OR_UPDATE">
            <element>.begin_split</element>
            <position>0</position>
            <sys_created_by>jc</sys_created_by>
            <sys_created_on>2017-03-05 23:58:38</sys_created_on>
            <sys_id>33520a86dbd9b200d1a9f1351d96198c</sys_id>
            <sys_mod_count>0</sys_mod_count>
            <sys_ui_formatter/>
            <sys_ui_section caption="Data" display_value="Data" name="x_snc_amazon_echo_utterance" sys_domain="global" view="Default view">84ba7982dbd9b200d1a9f1351d96194f</sys_ui_section>
            <sys_updated_by>jc</sys_updated_by>
            <sys_updated_on>2017-03-05 23:58:38</sys_updated_on>
            <sys_user/>
            <type>.begin_split</type>
        </sys_ui_element>
        <sys_ui_element action="INSERT_OR_UPDATE">
            <element>slot_name_1</element>
            <position>1</position>
            <sys_created_by>jc</sys_created_by>
            <sys_created_on>2017-03-05 23:58:38</sys_created_on>
            <sys_id>b3520a86dbd9b200d1a9f1351d96198c</sys_id>
            <sys_mod_count>0</sys_mod_count>
            <sys_ui_formatter/>
            <sys_ui_section caption="Data" display_value="Data" name="x_snc_amazon_echo_utterance" sys_domain="global" view="Default view">84ba7982dbd9b200d1a9f1351d96194f</sys_ui_section>
            <sys_updated_by>jc</sys_updated_by>
            <sys_updated_on>2017-03-05 23:58:38</sys_updated_on>
            <sys_user/>
            <type/>
        </sys_ui_element>
        <sys_ui_element action="INSERT_OR_UPDATE">
            <element>.split</element>
            <position>2</position>
            <sys_created_by>jc</sys_created_by>
            <sys_created_on>2017-03-05 23:58:38</sys_created_on>
            <sys_id>37520a86dbd9b200d1a9f1351d96198c</sys_id>
            <sys_mod_count>0</sys_mod_count>
            <sys_ui_formatter/>
            <sys_ui_section caption="Data" display_value="Data" name="x_snc_amazon_echo_utterance" sys_domain="global" view="Default view">84ba7982dbd9b200d1a9f1351d96194f</sys_ui_section>
            <sys_updated_by>jc</sys_updated_by>
            <sys_updated_on>2017-03-05 23:58:38</sys_updated_on>
            <sys_user/>
            <type>.split</type>
        </sys_ui_element>
        <sys_ui_element action="INSERT_OR_UPDATE">
            <element>slot_type_1</element>
            <position>3</position>
            <sys_created_by>jc</sys_created_by>
            <sys_created_on>2017-03-05 23:58:38</sys_created_on>
            <sys_id>b7520a86dbd9b200d1a9f1351d96198c</sys_id>
            <sys_mod_count>0</sys_mod_count>
            <sys_ui_formatter/>
            <sys_ui_section caption="Data" display_value="Data" name="x_snc_amazon_echo_utterance" sys_domain="global" view="Default view">84ba7982dbd9b200d1a9f1351d96194f</sys_ui_section>
            <sys_updated_by>jc</sys_updated_by>
            <sys_updated_on>2017-03-05 23:58:38</sys_updated_on>
            <sys_user/>
            <type/>
        </sys_ui_element>
        <sys_ui_element action="INSERT_OR_UPDATE">
            <element>.end_split</element>
            <position>4</position>
            <sys_created_by>jc</sys_created_by>
            <sys_created_on>2017-03-05 23:58:38</sys_created_on>
            <sys_id>3b520a86dbd9b200d1a9f1351d96198c</sys_id>
            <sys_mod_count>0</sys_mod_count>
            <sys_ui_formatter/>
            <sys_ui_section caption="Data" display_value="Data" name="x_snc_amazon_echo_utterance" sys_domain="global" view="Default view">84ba7982dbd9b200d1a9f1351d96194f</sys_ui_section>
            <sys_updated_by>jc</sys_updated_by>
            <sys_updated_on>2017-03-05 23:58:38</sys_updated_on>
            <sys_user/>
            <type>.end_split</type>
        </sys_ui_element>
        <sys_ui_element action="INSERT_OR_UPDATE">
            <element>.begin_split</element>
            <position>5</position>
            <sys_created_by>jc</sys_created_by>
            <sys_created_on>2017-03-05 23:58:38</sys_created_on>
            <sys_id>bb520a86dbd9b200d1a9f1351d96198c</sys_id>
            <sys_mod_count>0</sys_mod_count>
            <sys_ui_formatter/>
            <sys_ui_section caption="Data" display_value="Data" name="x_snc_amazon_echo_utterance" sys_domain="global" view="Default view">84ba7982dbd9b200d1a9f1351d96194f</sys_ui_section>
            <sys_updated_by>jc</sys_updated_by>
            <sys_updated_on>2017-03-05 23:58:38</sys_updated_on>
            <sys_user/>
            <type>.begin_split</type>
        </sys_ui_element>
        <sys_ui_element action="INSERT_OR_UPDATE">
            <element>slot_name_2</element>
            <position>6</position>
            <sys_created_by>jc</sys_created_by>
            <sys_created_on>2017-03-05 23:58:38</sys_created_on>
            <sys_id>3f520a86dbd9b200d1a9f1351d96198c</sys_id>
            <sys_mod_count>0</sys_mod_count>
            <sys_ui_formatter/>
            <sys_ui_section caption="Data" display_value="Data" name="x_snc_amazon_echo_utterance" sys_domain="global" view="Default view">84ba7982dbd9b200d1a9f1351d96194f</sys_ui_section>
            <sys_updated_by>jc</sys_updated_by>
            <sys_updated_on>2017-03-05 23:58:38</sys_updated_on>
            <sys_user/>
            <type/>
        </sys_ui_element>
        <sys_ui_element action="INSERT_OR_UPDATE">
            <element>.split</element>
            <position>7</position>
            <sys_created_by>jc</sys_created_by>
            <sys_created_on>2017-03-05 23:58:38</sys_created_on>
            <sys_id>bf520a86dbd9b200d1a9f1351d96198c</sys_id>
            <sys_mod_count>0</sys_mod_count>
            <sys_ui_formatter/>
            <sys_ui_section caption="Data" display_value="Data" name="x_snc_amazon_echo_utterance" sys_domain="global" view="Default view">84ba7982dbd9b200d1a9f1351d96194f</sys_ui_section>
            <sys_updated_by>jc</sys_updated_by>
            <sys_updated_on>2017-03-05 23:58:38</sys_updated_on>
            <sys_user/>
            <type>.split</type>
        </sys_ui_element>
        <sys_ui_element action="INSERT_OR_UPDATE">
            <element>slot_type_2</element>
            <position>8</position>
            <sys_created_by>jc</sys_created_by>
            <sys_created_on>2017-03-05 23:58:38</sys_created_on>
            <sys_id>33520a86dbd9b200d1a9f1351d96198d</sys_id>
            <sys_mod_count>0</sys_mod_count>
            <sys_ui_formatter/>
            <sys_ui_section caption="Data" display_value="Data" name="x_snc_amazon_echo_utterance" sys_domain="global" view="Default view">84ba7982dbd9b200d1a9f1351d96194f</sys_ui_section>
            <sys_updated_by>jc</sys_updated_by>
            <sys_updated_on>2017-03-05 23:58:38</sys_updated_on>
            <sys_user/>
            <type/>
        </sys_ui_element>
        <sys_ui_element action="INSERT_OR_UPDATE">
            <element>.end_split</element>
            <position>9</position>
            <sys_created_by>jc</sys_created_by>
            <sys_created_on>2017-03-05 23:58:38</sys_created_on>
            <sys_id>b3520a86dbd9b200d1a9f1351d96198d</sys_id>
            <sys_mod_count>0</sys_mod_count>
            <sys_ui_formatter/>
            <sys_ui_section caption="Data" display_value="Data" name="x_snc_amazon_echo_utterance" sys_domain="global" view="Default view">84ba7982dbd9b200d1a9f1351d96194f</sys_ui_section>
            <sys_updated_by>jc</sys_updated_by>
            <sys_updated_on>2017-03-05 23:58:38</sys_updated_on>
            <sys_user/>
            <type>.end_split</type>
        </sys_ui_element>
        <sys_ui_element action="INSERT_OR_UPDATE">
            <element>.begin_split</element>
            <position>10</position>
            <sys_created_by>jc</sys_created_by>
            <sys_created_on>2017-03-05 23:58:38</sys_created_on>
            <sys_id>37520a86dbd9b200d1a9f1351d96198d</sys_id>
            <sys_mod_count>0</sys_mod_count>
            <sys_ui_formatter/>
            <sys_ui_section caption="Data" display_value="Data" name="x_snc_amazon_echo_utterance" sys_domain="global" view="Default view">84ba7982dbd9b200d1a9f1351d96194f</sys_ui_section>
            <sys_updated_by>jc</sys_updated_by>
            <sys_updated_on>2017-03-05 23:58:38</sys_updated_on>
            <sys_user/>
            <type>.begin_split</type>
        </sys_ui_element>
        <sys_ui_element action="INSERT_OR_UPDATE">
            <element>slot_name_3</element>
            <position>11</position>
            <sys_created_by>jc</sys_created_by>
            <sys_created_on>2017-03-05 23:58:38</sys_created_on>
            <sys_id>b7520a86dbd9b200d1a9f1351d96198d</sys_id>
            <sys_mod_count>0</sys_mod_count>
            <sys_ui_formatter/>
            <sys_ui_section caption="Data" display_value="Data" name="x_snc_amazon_echo_utterance" sys_domain="global" view="Default view">84ba7982dbd9b200d1a9f1351d96194f</sys_ui_section>
            <sys_updated_by>jc</sys_updated_by>
            <sys_updated_on>2017-03-05 23:58:38</sys_updated_on>
            <sys_user/>
            <type/>
        </sys_ui_element>
        <sys_ui_element action="INSERT_OR_UPDATE">
            <element>.split</element>
            <position>12</position>
            <sys_created_by>jc</sys_created_by>
            <sys_created_on>2017-03-05 23:58:38</sys_created_on>
            <sys_id>3b520a86dbd9b200d1a9f1351d96198d</sys_id>
            <sys_mod_count>0</sys_mod_count>
            <sys_ui_formatter/>
            <sys_ui_section caption="Data" display_value="Data" name="x_snc_amazon_echo_utterance" sys_domain="global" view="Default view">84ba7982dbd9b200d1a9f1351d96194f</sys_ui_section>
            <sys_updated_by>jc</sys_updated_by>
            <sys_updated_on>2017-03-05 23:58:38</sys_updated_on>
            <sys_user/>
            <type>.split</type>
        </sys_ui_element>
        <sys_ui_element action="INSERT_OR_UPDATE">
            <element>slot_type_3</element>
            <position>13</position>
            <sys_created_by>jc</sys_created_by>
            <sys_created_on>2017-03-05 23:58:38</sys_created_on>
            <sys_id>bb520a86dbd9b200d1a9f1351d96198d</sys_id>
            <sys_mod_count>0</sys_mod_count>
            <sys_ui_formatter/>
            <sys_ui_section caption="Data" display_value="Data" name="x_snc_amazon_echo_utterance" sys_domain="global" view="Default view">84ba7982dbd9b200d1a9f1351d96194f</sys_ui_section>
            <sys_updated_by>jc</sys_updated_by>
            <sys_updated_on>2017-03-05 23:58:38</sys_updated_on>
            <sys_user/>
            <type/>
        </sys_ui_element>
        <sys_ui_element action="INSERT_OR_UPDATE">
            <element>.end_split</element>
            <position>14</position>
            <sys_created_by>jc</sys_created_by>
            <sys_created_on>2017-03-05 23:58:38</sys_created_on>
            <sys_id>3f520a86dbd9b200d1a9f1351d96198d</sys_id>
            <sys_mod_count>0</sys_mod_count>
            <sys_ui_formatter/>
            <sys_ui_section caption="Data" display_value="Data" name="x_snc_amazon_echo_utterance" sys_domain="global" view="Default view">84ba7982dbd9b200d1a9f1351d96194f</sys_ui_section>
            <sys_updated_by>jc</sys_updated_by>
            <sys_updated_on>2017-03-05 23:58:38</sys_updated_on>
            <sys_user/>
            <type>.end_split</type>
        </sys_ui_element>
        <sys_ui_section action="INSERT_OR_UPDATE">
            <caption>Data</caption>
            <header>false</header>
            <name>x_snc_amazon_echo_utterance</name>
            <roles/>
            <sys_class_name>sys_ui_section</sys_class_name>
            <sys_created_by>jc</sys_created_by>
            <sys_created_on>2017-03-05 23:25:04</sys_created_on>
            <sys_customer_update>true</sys_customer_update>
            <sys_domain>global</sys_domain>
            <sys_domain_path>/</sys_domain_path>
            <sys_id>84ba7982dbd9b200d1a9f1351d96194f</sys_id>
            <sys_mod_count>0</sys_mod_count>
            <sys_name>Data</sys_name>
            <sys_overrides/>
            <sys_package display_value="Amazon Echo" source="x_snc_amazon_echo">101eb7da13a21200d0143d622244b063</sys_package>
            <sys_policy/>
            <sys_replace_on_upgrade>false</sys_replace_on_upgrade>
            <sys_scope display_value="Amazon Echo">101eb7da13a21200d0143d622244b063</sys_scope>
            <sys_update_name>sys_ui_section_84ba7982dbd9b200d1a9f1351d96194f</sys_update_name>
            <sys_updated_by>jc</sys_updated_by>
            <sys_updated_on>2017-03-05 23:25:04</sys_updated_on>
            <sys_user/>
            <title>false</title>
            <view display_value="Default view" name="NULL">Default view</view>
            <view_name/>
        </sys_ui_section>
    </sys_ui_section>
</record_update>
