<?xml version="1.0" encoding="UTF-8"?>
<record_update>
    <sys_ui_section caption="" section_id="20105764dba1f600d1a9f1351d961989" sys_domain="global" table="x_snc_amazon_echo_log" version="3" view="">
        <sys_ui_element action="INSERT_OR_UPDATE">
            <element>type</element>
            <position>0</position>
            <sys_created_by>jc</sys_created_by>
            <sys_created_on>2017-03-17 04:45:58</sys_created_on>
            <sys_id>8cad23a1dbed3a00d1a9f1351d961915</sys_id>
            <sys_mod_count>0</sys_mod_count>
            <sys_ui_formatter/>
            <sys_ui_section caption="NULL" display_value="" name="x_snc_amazon_echo_log" sys_domain="global" view="Default view">20105764dba1f600d1a9f1351d961989</sys_ui_section>
            <sys_updated_by>jc</sys_updated_by>
            <sys_updated_on>2017-03-17 04:45:58</sys_updated_on>
            <sys_user/>
            <type/>
        </sys_ui_element>
        <sys_ui_element action="INSERT_OR_UPDATE">
            <element>in_response_to</element>
            <position>1</position>
            <sys_created_by>jc</sys_created_by>
            <sys_created_on>2017-03-17 04:45:58</sys_created_on>
            <sys_id>44ad23a1dbed3a00d1a9f1351d961916</sys_id>
            <sys_mod_count>0</sys_mod_count>
            <sys_ui_formatter/>
            <sys_ui_section caption="NULL" display_value="" name="x_snc_amazon_echo_log" sys_domain="global" view="Default view">20105764dba1f600d1a9f1351d961989</sys_ui_section>
            <sys_updated_by>jc</sys_updated_by>
            <sys_updated_on>2017-03-17 04:45:58</sys_updated_on>
            <sys_user/>
            <type/>
        </sys_ui_element>
        <sys_ui_element action="INSERT_OR_UPDATE">
            <element>intent</element>
            <position>2</position>
            <sys_created_by>jc</sys_created_by>
            <sys_created_on>2017-03-17 04:45:58</sys_created_on>
            <sys_id>c4ad23a1dbed3a00d1a9f1351d961916</sys_id>
            <sys_mod_count>0</sys_mod_count>
            <sys_ui_formatter/>
            <sys_ui_section caption="NULL" display_value="" name="x_snc_amazon_echo_log" sys_domain="global" view="Default view">20105764dba1f600d1a9f1351d961989</sys_ui_section>
            <sys_updated_by>jc</sys_updated_by>
            <sys_updated_on>2017-03-17 04:45:58</sys_updated_on>
            <sys_user/>
            <type/>
        </sys_ui_element>
        <sys_ui_element action="INSERT_OR_UPDATE">
            <element>attributes</element>
            <position>3</position>
            <sys_created_by>jc</sys_created_by>
            <sys_created_on>2017-03-17 04:45:58</sys_created_on>
            <sys_id>48ad23a1dbed3a00d1a9f1351d961916</sys_id>
            <sys_mod_count>0</sys_mod_count>
            <sys_ui_formatter/>
            <sys_ui_section caption="NULL" display_value="" name="x_snc_amazon_echo_log" sys_domain="global" view="Default view">20105764dba1f600d1a9f1351d961989</sys_ui_section>
            <sys_updated_by>jc</sys_updated_by>
            <sys_updated_on>2017-03-17 04:45:58</sys_updated_on>
            <sys_user/>
            <type/>
        </sys_ui_element>
        <sys_ui_element action="INSERT_OR_UPDATE">
            <element>spoken_phrase</element>
            <position>4</position>
            <sys_created_by>jc</sys_created_by>
            <sys_created_on>2017-03-17 04:45:58</sys_created_on>
            <sys_id>c8ad23a1dbed3a00d1a9f1351d961916</sys_id>
            <sys_mod_count>0</sys_mod_count>
            <sys_ui_formatter/>
            <sys_ui_section caption="NULL" display_value="" name="x_snc_amazon_echo_log" sys_domain="global" view="Default view">20105764dba1f600d1a9f1351d961989</sys_ui_section>
            <sys_updated_by>jc</sys_updated_by>
            <sys_updated_on>2017-03-17 04:45:58</sys_updated_on>
            <sys_user/>
            <type/>
        </sys_ui_element>
        <sys_ui_element action="INSERT_OR_UPDATE">
            <element>slots</element>
            <position>5</position>
            <sys_created_by>jc</sys_created_by>
            <sys_created_on>2017-03-17 04:45:58</sys_created_on>
            <sys_id>4cad23a1dbed3a00d1a9f1351d961916</sys_id>
            <sys_mod_count>0</sys_mod_count>
            <sys_ui_formatter/>
            <sys_ui_section caption="NULL" display_value="" name="x_snc_amazon_echo_log" sys_domain="global" view="Default view">20105764dba1f600d1a9f1351d961989</sys_ui_section>
            <sys_updated_by>jc</sys_updated_by>
            <sys_updated_on>2017-03-17 04:45:58</sys_updated_on>
            <sys_user/>
            <type/>
        </sys_ui_element>
        <sys_ui_element action="INSERT_OR_UPDATE">
            <element>session</element>
            <position>6</position>
            <sys_created_by>jc</sys_created_by>
            <sys_created_on>2017-03-17 04:45:58</sys_created_on>
            <sys_id>ccad23a1dbed3a00d1a9f1351d961916</sys_id>
            <sys_mod_count>0</sys_mod_count>
            <sys_ui_formatter/>
            <sys_ui_section caption="NULL" display_value="" name="x_snc_amazon_echo_log" sys_domain="global" view="Default view">20105764dba1f600d1a9f1351d961989</sys_ui_section>
            <sys_updated_by>jc</sys_updated_by>
            <sys_updated_on>2017-03-17 04:45:58</sys_updated_on>
            <sys_user/>
            <type/>
        </sys_ui_element>
        <sys_ui_element action="INSERT_OR_UPDATE">
            <element>content</element>
            <position>7</position>
            <sys_created_by>jc</sys_created_by>
            <sys_created_on>2017-03-17 04:45:58</sys_created_on>
            <sys_id>40ad23a1dbed3a00d1a9f1351d961917</sys_id>
            <sys_mod_count>0</sys_mod_count>
            <sys_ui_formatter/>
            <sys_ui_section caption="NULL" display_value="" name="x_snc_amazon_echo_log" sys_domain="global" view="Default view">20105764dba1f600d1a9f1351d961989</sys_ui_section>
            <sys_updated_by>jc</sys_updated_by>
            <sys_updated_on>2017-03-17 04:45:58</sys_updated_on>
            <sys_user/>
            <type/>
        </sys_ui_element>
        <sys_ui_element action="INSERT_OR_UPDATE">
            <element>ends_session</element>
            <position>8</position>
            <sys_created_by>jc</sys_created_by>
            <sys_created_on>2017-03-17 04:45:58</sys_created_on>
            <sys_id>c0ad23a1dbed3a00d1a9f1351d961917</sys_id>
            <sys_mod_count>0</sys_mod_count>
            <sys_ui_formatter/>
            <sys_ui_section caption="NULL" display_value="" name="x_snc_amazon_echo_log" sys_domain="global" view="Default view">20105764dba1f600d1a9f1351d961989</sys_ui_section>
            <sys_updated_by>jc</sys_updated_by>
            <sys_updated_on>2017-03-17 04:45:58</sys_updated_on>
            <sys_user/>
            <type/>
        </sys_ui_element>
        <sys_ui_section action="INSERT_OR_UPDATE">
            <caption/>
            <header>false</header>
            <name>x_snc_amazon_echo_log</name>
            <roles/>
            <sys_class_name>sys_ui_section</sys_class_name>
            <sys_created_by>jc</sys_created_by>
            <sys_created_on>2017-03-14 00:02:55</sys_created_on>
            <sys_customer_update>true</sys_customer_update>
            <sys_domain>global</sys_domain>
            <sys_domain_path>/</sys_domain_path>
            <sys_id>20105764dba1f600d1a9f1351d961989</sys_id>
            <sys_mod_count>0</sys_mod_count>
            <sys_name>x_snc_amazon_echo_log</sys_name>
            <sys_overrides/>
            <sys_package display_value="Amazon Echo" source="x_snc_amazon_echo">101eb7da13a21200d0143d622244b063</sys_package>
            <sys_policy/>
            <sys_replace_on_upgrade>false</sys_replace_on_upgrade>
            <sys_scope display_value="Amazon Echo">101eb7da13a21200d0143d622244b063</sys_scope>
            <sys_update_name>sys_ui_section_20105764dba1f600d1a9f1351d961989</sys_update_name>
            <sys_updated_by>jc</sys_updated_by>
            <sys_updated_on>2017-03-14 00:02:55</sys_updated_on>
            <sys_user/>
            <title>true</title>
            <view display_value="Default view" name="NULL">Default view</view>
            <view_name/>
        </sys_ui_section>
    </sys_ui_section>
</record_update>
