<?xml version="1.0" encoding="UTF-8"?>
<record_update>
    <sys_ui_list parent="" relationship="" sys_domain="global" table="x_snc_amazon_echo_log" version="2" view="">
        <sys_ui_list_element action="INSERT_OR_UPDATE">
            <average_value>false</average_value>
            <element>attributes</element>
            <list_id display_value="x_snc_amazon_echo_log" element="NULL" name="x_snc_amazon_echo_log" parent="NULL" relationship="NULL" sys_domain="global" view="Default view">cfce3906dbd9b200d1a9f1351d961912</list_id>
            <max_value>false</max_value>
            <min_value>false</min_value>
            <position>0</position>
            <sum>false</sum>
            <sys_created_by>jc</sys_created_by>
            <sys_created_on>2017-03-05 23:43:01</sys_created_on>
            <sys_id>cbce3906dbd9b200d1a9f1351d961913</sys_id>
            <sys_mod_count>0</sys_mod_count>
            <sys_updated_by>jc</sys_updated_by>
            <sys_updated_on>2017-03-05 23:43:01</sys_updated_on>
        </sys_ui_list_element>
        <sys_ui_list_element action="INSERT_OR_UPDATE">
            <average_value>false</average_value>
            <element>intent</element>
            <list_id display_value="x_snc_amazon_echo_log" element="NULL" name="x_snc_amazon_echo_log" parent="NULL" relationship="NULL" sys_domain="global" view="Default view">cfce3906dbd9b200d1a9f1351d961912</list_id>
            <max_value>false</max_value>
            <min_value>false</min_value>
            <position>1</position>
            <sum>false</sum>
            <sys_created_by>jc</sys_created_by>
            <sys_created_on>2017-03-05 23:43:01</sys_created_on>
            <sys_id>c3ce3906dbd9b200d1a9f1351d961914</sys_id>
            <sys_mod_count>0</sys_mod_count>
            <sys_updated_by>jc</sys_updated_by>
            <sys_updated_on>2017-03-05 23:43:01</sys_updated_on>
        </sys_ui_list_element>
        <sys_ui_list_element action="INSERT_OR_UPDATE">
            <average_value>false</average_value>
            <element>slots</element>
            <list_id display_value="x_snc_amazon_echo_log" element="NULL" name="x_snc_amazon_echo_log" parent="NULL" relationship="NULL" sys_domain="global" view="Default view">cfce3906dbd9b200d1a9f1351d961912</list_id>
            <max_value>false</max_value>
            <min_value>false</min_value>
            <position>2</position>
            <sum>false</sum>
            <sys_created_by>jc</sys_created_by>
            <sys_created_on>2017-03-05 23:43:01</sys_created_on>
            <sys_id>47ce3906dbd9b200d1a9f1351d961914</sys_id>
            <sys_mod_count>0</sys_mod_count>
            <sys_updated_by>jc</sys_updated_by>
            <sys_updated_on>2017-03-05 23:43:01</sys_updated_on>
        </sys_ui_list_element>
        <sys_ui_list action="INSERT_OR_UPDATE">
            <average_value>false</average_value>
            <element/>
            <max_value>false</max_value>
            <min_value>false</min_value>
            <name>x_snc_amazon_echo_log</name>
            <parent/>
            <position/>
            <relationship/>
            <sum>false</sum>
            <sys_class_name>sys_ui_list</sys_class_name>
            <sys_created_by>jc</sys_created_by>
            <sys_created_on>2017-03-17 06:51:58</sys_created_on>
            <sys_customer_update>true</sys_customer_update>
            <sys_domain>global</sys_domain>
            <sys_domain_path>/</sys_domain_path>
            <sys_id>ed7ac0b5db217a00d1a9f1351d9619f6</sys_id>
            <sys_mod_count>0</sys_mod_count>
            <sys_name>x_snc_amazon_echo_log</sys_name>
            <sys_package display_value="Amazon Echo" source="x_snc_amazon_echo">101eb7da13a21200d0143d622244b063</sys_package>
            <sys_policy/>
            <sys_replace_on_upgrade>false</sys_replace_on_upgrade>
            <sys_scope display_value="Amazon Echo">101eb7da13a21200d0143d622244b063</sys_scope>
            <sys_update_name>sys_ui_list_x_snc_amazon_echo_log_null</sys_update_name>
            <sys_updated_by>jc</sys_updated_by>
            <sys_updated_on>2017-03-17 06:51:58</sys_updated_on>
            <sys_user display_value="Jon Crane">4867ad4ddb5d320015f2de01ce961924</sys_user>
            <view display_value="Default view" name="NULL">Default view</view>
            <view_name/>
        </sys_ui_list>
    </sys_ui_list>
</record_update>
