<?xml version="1.0" encoding="UTF-8"?>
<record_update>
    <sys_ui_form_sections form_id="c0ba3182dbd9b200d1a9f1351d961951" sys_domain="global" table="x_snc_amazon_echo_utterance" version="3">
        <sys_ui_form_section action="INSERT_OR_UPDATE">
            <position>0</position>
            <sys_created_by>jc</sys_created_by>
            <sys_created_on>2017-03-05 23:25:04</sys_created_on>
            <sys_domain>global</sys_domain>
            <sys_domain_path>/</sys_domain_path>
            <sys_id>8cba3182dbd9b200d1a9f1351d961951</sys_id>
            <sys_mod_count>0</sys_mod_count>
            <sys_overrides/>
            <sys_ui_form display_value="x_snc_amazon_echo_utterance" name="x_snc_amazon_echo_utterance" sys_domain="global" view="Default view">c0ba3182dbd9b200d1a9f1351d961951</sys_ui_form>
            <sys_ui_section caption="NULL" display_value="" name="x_snc_amazon_echo_utterance" sys_domain="global" view="Default view">764904fd13fe9200d0143d622244b002</sys_ui_section>
            <sys_updated_by>jc</sys_updated_by>
            <sys_updated_on>2017-03-05 23:25:04</sys_updated_on>
        </sys_ui_form_section>
        <sys_ui_form_section action="INSERT_OR_UPDATE">
            <position>1</position>
            <sys_created_by>jc</sys_created_by>
            <sys_created_on>2017-03-05 23:25:04</sys_created_on>
            <sys_domain>global</sys_domain>
            <sys_domain_path>/</sys_domain_path>
            <sys_id>48ba7982dbd9b200d1a9f1351d961950</sys_id>
            <sys_mod_count>0</sys_mod_count>
            <sys_overrides/>
            <sys_ui_form display_value="x_snc_amazon_echo_utterance" name="x_snc_amazon_echo_utterance" sys_domain="global" view="Default view">c0ba3182dbd9b200d1a9f1351d961951</sys_ui_form>
            <sys_ui_section caption="Data" display_value="Data" name="x_snc_amazon_echo_utterance" sys_domain="global" view="Default view">84ba7982dbd9b200d1a9f1351d96194f</sys_ui_section>
            <sys_updated_by>jc</sys_updated_by>
            <sys_updated_on>2017-03-05 23:25:04</sys_updated_on>
        </sys_ui_form_section>
        <sys_ui_form action="INSERT_OR_UPDATE">
            <name>x_snc_amazon_echo_utterance</name>
            <roles/>
            <sys_class_name>sys_ui_form</sys_class_name>
            <sys_created_by>jc</sys_created_by>
            <sys_created_on>2017-03-05 23:25:04</sys_created_on>
            <sys_customer_update>false</sys_customer_update>
            <sys_domain>global</sys_domain>
            <sys_domain_path>/</sys_domain_path>
            <sys_id>c0ba3182dbd9b200d1a9f1351d961951</sys_id>
            <sys_mod_count>5</sys_mod_count>
            <sys_name>x_snc_amazon_echo_utterance</sys_name>
            <sys_overrides/>
            <sys_package display_value="Amazon Echo" source="x_snc_amazon_echo">101eb7da13a21200d0143d622244b063</sys_package>
            <sys_policy/>
            <sys_replace_on_upgrade>false</sys_replace_on_upgrade>
            <sys_scope display_value="Amazon Echo">101eb7da13a21200d0143d622244b063</sys_scope>
            <sys_update_name>sys_ui_form_sections_c0ba3182dbd9b200d1a9f1351d961951</sys_update_name>
            <sys_updated_by>jc</sys_updated_by>
            <sys_updated_on>2017-05-13 02:02:14</sys_updated_on>
            <sys_user/>
            <view display_value="Default view" name="NULL">Default view</view>
            <view_name/>
        </sys_ui_form>
    </sys_ui_form_sections>
</record_update>
