<?xml version="1.0" encoding="UTF-8"?>
<record_update sys_domain="global" table="sys_app_module">
    <sys_app_module action="INSERT_OR_UPDATE">
        <active>false</active>
        <application display_value="Amazon Echo">80f504bd13fe9200d0143d622244b008</application>
        <assessment/>
        <content_page/>
        <device_type/>
        <filter/>
        <hint/>
        <homepage display_value="K16 Echo Demo Dashboard">2cdbcea513879600d0143d622244b035</homepage>
        <image/>
        <link_type>HOMEPAGE</link_type>
        <map_page/>
        <mobile_title>K16 Dashboard</mobile_title>
        <mobile_view_name>Mobile</mobile_view_name>
        <name/>
        <order>100</order>
        <override_menu_roles>false</override_menu_roles>
        <query/>
        <report/>
        <roles/>
        <survey/>
        <survey_overwrite>true</survey_overwrite>
        <sys_class_name>sys_app_module</sys_class_name>
        <sys_created_by>jc</sys_created_by>
        <sys_created_on>2016-04-28 01:44:54</sys_created_on>
        <sys_customer_update>true</sys_customer_update>
        <sys_domain>global</sys_domain>
        <sys_domain_path>/</sys_domain_path>
        <sys_id>0a9ae32d13c79600d0143d622244b070</sys_id>
        <sys_mod_count>1</sys_mod_count>
        <sys_name>K16 Dashboard</sys_name>
        <sys_overrides/>
        <sys_package display_value="Amazon Echo" source="x_snc_amazon_echo">101eb7da13a21200d0143d622244b063</sys_package>
        <sys_policy/>
        <sys_replace_on_upgrade>false</sys_replace_on_upgrade>
        <sys_scope display_value="Amazon Echo">101eb7da13a21200d0143d622244b063</sys_scope>
        <sys_update_name>sys_app_module_0a9ae32d13c79600d0143d622244b070</sys_update_name>
        <sys_updated_by>jc</sys_updated_by>
        <sys_updated_on>2017-03-06 04:47:32</sys_updated_on>
        <timeline_page/>
        <title>K16 Dashboard</title>
        <uncancelable>false</uncancelable>
        <view_name/>
        <window_name/>
    </sys_app_module>
</record_update>
