<?xml version="1.0" encoding="UTF-8"?>
<record_update node_type="sys_portal_page" unload_date="2017-05-15 21:19:00">
    <sys_portal_page action="INSERT_OR_UPDATE">
        <layout/>
        <order/>
        <read_roles/>
        <roles/>
        <selectable>false</selectable>
        <sys_class_name>sys_portal_page</sys_class_name>
        <sys_created_by>jc</sys_created_by>
        <sys_created_on>2016-04-27 18:50:43</sys_created_on>
        <sys_customer_update>true</sys_customer_update>
        <sys_domain>global</sys_domain>
        <sys_domain_path>/</sys_domain_path>
        <sys_id>2cdbcea513879600d0143d622244b035</sys_id>
        <sys_mod_count>1</sys_mod_count>
        <sys_name>K16 Echo Demo Dashboard</sys_name>
        <sys_overrides/>
        <sys_package display_value="Amazon Echo" source="x_snc_amazon_echo">101eb7da13a21200d0143d622244b063</sys_package>
        <sys_policy/>
        <sys_replace_on_upgrade>false</sys_replace_on_upgrade>
        <sys_scope display_value="Amazon Echo">101eb7da13a21200d0143d622244b063</sys_scope>
        <sys_update_name>sys_portal_page_2cdbcea513879600d0143d622244b035</sys_update_name>
        <sys_updated_by>jc</sys_updated_by>
        <sys_updated_on>2017-03-16 19:39:05</sys_updated_on>
        <title>K16 Echo Demo Dashboard</title>
        <user/>
        <view>k16</view>
    </sys_portal_page>
</record_update>
