<?xml version="1.0" encoding="UTF-8"?>
<record_update>
    <sys_documentation element="" label="Phrases" language="en" table="x_snc_amazon_echo_phrases">
        <sys_documentation action="INSERT_OR_UPDATE">
            <element/>
            <help/>
            <hint/>
            <label>Phrases</label>
            <language>en</language>
            <name>x_snc_amazon_echo_phrases</name>
            <plural>Phrases</plural>
            <sys_class_name>sys_documentation</sys_class_name>
            <sys_created_by>jc</sys_created_by>
            <sys_created_on>2017-03-06 04:52:46</sys_created_on>
            <sys_customer_update>true</sys_customer_update>
            <sys_id>a8b58746db9db200d1a9f1351d9619be</sys_id>
            <sys_mod_count>0</sys_mod_count>
            <sys_name>Phrases</sys_name>
            <sys_package display_value="Amazon Echo" source="x_snc_amazon_echo">101eb7da13a21200d0143d622244b063</sys_package>
            <sys_policy/>
            <sys_replace_on_upgrade>false</sys_replace_on_upgrade>
            <sys_scope display_value="Amazon Echo">101eb7da13a21200d0143d622244b063</sys_scope>
            <sys_update_name>sys_documentation_x_snc_amazon_echo_phrases__en</sys_update_name>
            <sys_updated_by>jc</sys_updated_by>
            <sys_updated_on>2017-03-06 04:52:46</sys_updated_on>
            <url/>
            <url_target/>
        </sys_documentation>
    </sys_documentation>
</record_update>
