<?xml version="1.0" encoding="UTF-8"?>
<record_update table="sys_script_include">
    <sys_script_include action="INSERT_OR_UPDATE">
        <access>package_private</access>
        <active>true</active>
        <api_name>x_snc_amazon_echo.EchoPortalUtils</api_name>
        <client_callable>false</client_callable>
        <description/>
        <name>EchoPortalUtils</name>
        <script><![CDATA[var EchoPortalUtils = Class.create();
EchoPortalUtils.prototype = {
    initialize: function() {
    },
	
	getOrderedTopLevelIntents : function() {
		return new x_snc_amazon_echo.IntentUtils().getOrderedTopLevelIntentArrayNames();
	},

    type: 'EchoPortalUtils'
};]]></script>
        <sys_class_name>sys_script_include</sys_class_name>
        <sys_created_by>jc</sys_created_by>
        <sys_created_on>2017-04-19 16:11:37</sys_created_on>
        <sys_customer_update>true</sys_customer_update>
        <sys_id>f6d688ecdb5afa00d1a9f1351d961960</sys_id>
        <sys_mod_count>0</sys_mod_count>
        <sys_name>EchoPortalUtils</sys_name>
        <sys_package display_value="Amazon Echo" source="x_snc_amazon_echo">101eb7da13a21200d0143d622244b063</sys_package>
        <sys_policy>read</sys_policy>
        <sys_replace_on_upgrade>false</sys_replace_on_upgrade>
        <sys_scope display_value="Amazon Echo">101eb7da13a21200d0143d622244b063</sys_scope>
        <sys_update_name>sys_script_include_f6d688ecdb5afa00d1a9f1351d961960</sys_update_name>
        <sys_updated_by>jc</sys_updated_by>
        <sys_updated_on>2017-04-19 16:11:37</sys_updated_on>
    </sys_script_include>
</record_update>
