<?xml version="1.0" encoding="UTF-8"?>
<record_update table="sys_metadata_link">
    <sys_metadata_link action="INSERT_OR_UPDATE">
        <directory>update</directory>
        <documentkey>09c5b64edb5db200d1a9f1351d96198b</documentkey>
        <payload>&lt;?xml version="1.0" encoding="UTF-8"?&gt;
&lt;record_update table="x_snc_amazon_echo_intent"&gt;
    &lt;x_snc_amazon_echo_intent action="INSERT_OR_UPDATE"&gt;
        &lt;active&gt;true&lt;/active&gt;
        &lt;always_available&gt;false&lt;/always_available&gt;
        &lt;category/&gt;
        &lt;fallback&gt;true&lt;/fallback&gt;
        &lt;intent_ends_session&gt;false&lt;/intent_ends_session&gt;
        &lt;keyword&gt;Help&lt;/keyword&gt;
        &lt;name&gt;Help&lt;/name&gt;
        &lt;next_intent/&gt;
        &lt;order&gt;2000&lt;/order&gt;
        &lt;output_speech_format&gt;PlainText&lt;/output_speech_format&gt;
        &lt;reprompt_speech_format/&gt;
        &lt;script&gt;&lt;![CDATA[(function(current, content, attributes, ER, IntentUtils){
	var arr = [];
	var intentArray = new x_snc_amazon_echo.IntentUtils().getOrderedTopLevelIntentArrayNames();

	var msg = "";
	msg += "The following commands are available: ";

	for (var i = 0; i &lt; intentArray.length; i++) {
		if (i == intentArray.length - 1)
			msg += "and '" + intentArray[i] + "'. ";
		else
			msg += "'" + intentArray[i] + "', ";

	}

	ER.setOutputSpeech(current.output_speech_format, msg, "");
	ER.setEnd(current.intent_ends_session);

	result = ER.response; //Required
})(current, content, attributes, new EchoResponseBuilder(), new IntentUtils());]]&gt;&lt;/script&gt;
        &lt;slot_name_1/&gt;
        &lt;slot_name_2/&gt;
        &lt;slot_name_3/&gt;
        &lt;slot_type_1/&gt;
        &lt;slot_type_2/&gt;
        &lt;slot_type_3/&gt;
        &lt;sys_created_by&gt;jc&lt;/sys_created_by&gt;
        &lt;sys_created_on&gt;2017-03-06 03:43:22&lt;/sys_created_on&gt;
        &lt;sys_id&gt;09c5b64edb5db200d1a9f1351d96198b&lt;/sys_id&gt;
        &lt;sys_mod_count&gt;14&lt;/sys_mod_count&gt;
        &lt;sys_updated_by&gt;jc&lt;/sys_updated_by&gt;
        &lt;sys_updated_on&gt;2017-04-19 16:35:20&lt;/sys_updated_on&gt;
        &lt;top_level_intent&gt;true&lt;/top_level_intent&gt;
    &lt;/x_snc_amazon_echo_intent&gt;
&lt;/record_update&gt;
</payload>
        <sys_class_name>sys_metadata_link</sys_class_name>
        <sys_created_by>jc</sys_created_by>
        <sys_created_on>2017-05-13 01:47:31</sys_created_on>
        <sys_customer_update>true</sys_customer_update>
        <sys_id>b967e400db72f60015f2de01ce9619e0</sys_id>
        <sys_mod_count>0</sys_mod_count>
        <sys_name>Help</sys_name>
        <sys_package display_value="Amazon Echo" source="x_snc_amazon_echo">101eb7da13a21200d0143d622244b063</sys_package>
        <sys_policy/>
        <sys_replace_on_upgrade>false</sys_replace_on_upgrade>
        <sys_scope display_value="Amazon Echo">101eb7da13a21200d0143d622244b063</sys_scope>
        <sys_update_name>sys_metadata_link_b967e400db72f60015f2de01ce9619e0</sys_update_name>
        <sys_updated_by>jc</sys_updated_by>
        <sys_updated_on>2017-05-13 01:47:31</sys_updated_on>
        <tablename>x_snc_amazon_echo_intent</tablename>
    </sys_metadata_link>
</record_update>
