<?xml version="1.0" encoding="UTF-8"?>
<record_update>
    <sys_ui_related sys_domain="global" table="x_snc_amazon_echo_session" version="2" view="">
        <sys_ui_related_list_entry action="INSERT_OR_UPDATE">
            <filter/>
            <list_id display_value="Session - Default view" name="x_snc_amazon_echo_session" related_list="NULL" sys_domain="global" view="Default view">89ff4764dba1f600d1a9f1351d9619a4</list_id>
            <order_by/>
            <position>0</position>
            <related_list>x_snc_amazon_echo_log.session</related_list>
            <sys_class_name>sys_ui_related_list_entry</sys_class_name>
            <sys_created_by>jc</sys_created_by>
            <sys_created_on>2017-03-14 00:02:24</sys_created_on>
            <sys_id>45ff4764dba1f600d1a9f1351d9619a5</sys_id>
            <sys_mod_count>0</sys_mod_count>
            <sys_updated_by>jc</sys_updated_by>
            <sys_updated_on>2017-03-14 00:02:24</sys_updated_on>
        </sys_ui_related_list_entry>
        <sys_ui_related_list action="INSERT_OR_UPDATE">
            <calculated_name>Session - Default view</calculated_name>
            <filter/>
            <name>x_snc_amazon_echo_session</name>
            <order_by/>
            <position/>
            <related_list/>
            <sys_class_name>sys_ui_related_list</sys_class_name>
            <sys_created_by>jc</sys_created_by>
            <sys_created_on>2017-03-14 00:02:24</sys_created_on>
            <sys_customer_update>true</sys_customer_update>
            <sys_domain>global</sys_domain>
            <sys_domain_path>/</sys_domain_path>
            <sys_id>89ff4764dba1f600d1a9f1351d9619a4</sys_id>
            <sys_mod_count>0</sys_mod_count>
            <sys_name>Session - Default view</sys_name>
            <sys_package display_value="Amazon Echo" source="x_snc_amazon_echo">101eb7da13a21200d0143d622244b063</sys_package>
            <sys_policy/>
            <sys_replace_on_upgrade>false</sys_replace_on_upgrade>
            <sys_scope display_value="Amazon Echo">101eb7da13a21200d0143d622244b063</sys_scope>
            <sys_update_name>sys_ui_related_x_snc_amazon_echo_session_null</sys_update_name>
            <sys_updated_by>jc</sys_updated_by>
            <sys_updated_on>2017-03-14 00:02:24</sys_updated_on>
            <sys_user/>
            <view display_value="Default view" name="NULL">Default view</view>
            <view_name/>
        </sys_ui_related_list>
    </sys_ui_related>
</record_update>
