<?xml version="1.0" encoding="UTF-8"?>
<record_update table="sys_security_acl_role">
    <sys_security_acl_role action="INSERT_OR_UPDATE">
        <sys_class_name>sys_security_acl_role</sys_class_name>
        <sys_created_by>jc</sys_created_by>
        <sys_created_on>2016-04-15 17:37:06</sys_created_on>
        <sys_customer_update>true</sys_customer_update>
        <sys_id>d8f70cbd13fe9200d0143d622244b094</sys_id>
        <sys_mod_count>0</sys_mod_count>
        <sys_name>x_snc_amazon_echo_utterance.x_snc_amazon_echo_utterance_user</sys_name>
        <sys_package display_value="Amazon Echo" source="x_snc_amazon_echo">101eb7da13a21200d0143d622244b063</sys_package>
        <sys_policy/>
        <sys_replace_on_upgrade>false</sys_replace_on_upgrade>
        <sys_scope display_value="Amazon Echo">101eb7da13a21200d0143d622244b063</sys_scope>
        <sys_security_acl display_value="x_snc_amazon_echo_utterance">10f70cbd13fe9200d0143d622244b094</sys_security_acl>
        <sys_update_name>sys_security_acl_role_d8f70cbd13fe9200d0143d622244b094</sys_update_name>
        <sys_updated_by>jc</sys_updated_by>
        <sys_updated_on>2016-04-15 17:37:06</sys_updated_on>
        <sys_user_role display_value="x_snc_amazon_echo_utterance_user" name="x_snc_amazon_echo_utterance_user">57e70cbd13fe9200d0143d622244b024</sys_user_role>
        <transaction_id/>
    </sys_security_acl_role>
</record_update>
