<?xml version="1.0" encoding="UTF-8"?>
<record_update sys_domain="global" table="sys_ui_list_control">
    <sys_ui_list_control action="INSERT_OR_UPDATE">
        <columns_condition/>
        <edit_condition/>
        <edit_default_filter/>
        <edit_roles/>
        <empty_condition/>
        <filter_condition/>
        <filter_roles/>
        <hierarchical_lists>false</hierarchical_lists>
        <label/>
        <link_condition/>
        <link_roles/>
        <list_edit_insert_row>true</list_edit_insert_row>
        <list_edit_ref_qual_tag/>
        <list_edit_type/>
        <name>x_snc_amazon_echo_intent</name>
        <new_condition/>
        <new_roles/>
        <omit_columns_if_empty>false</omit_columns_if_empty>
        <omit_drilldown_link>false</omit_drilldown_link>
        <omit_edit_button>false</omit_edit_button>
        <omit_filters>false</omit_filters>
        <omit_if_empty>false</omit_if_empty>
        <omit_links>false</omit_links>
        <omit_new_button>false</omit_new_button>
        <related_list>x_snc_amazon_echo_phrases.intent</related_list>
        <sys_class_name>sys_ui_list_control</sys_class_name>
        <sys_created_by>jc</sys_created_by>
        <sys_created_on>2017-03-06 04:54:28</sys_created_on>
        <sys_customer_update>true</sys_customer_update>
        <sys_domain>global</sys_domain>
        <sys_domain_path>/</sys_domain_path>
        <sys_id>b1068b46db9db200d1a9f1351d961947</sys_id>
        <sys_mod_count>0</sys_mod_count>
        <sys_name>x_snc_amazon_echo_intent</sys_name>
        <sys_overrides display_value="">global</sys_overrides>
        <sys_package display_value="Amazon Echo" source="x_snc_amazon_echo">101eb7da13a21200d0143d622244b063</sys_package>
        <sys_policy/>
        <sys_replace_on_upgrade>false</sys_replace_on_upgrade>
        <sys_scope display_value="Amazon Echo">101eb7da13a21200d0143d622244b063</sys_scope>
        <sys_update_name>sys_ui_list_control_b1068b46db9db200d1a9f1351d961947</sys_update_name>
        <sys_updated_by>jc</sys_updated_by>
        <sys_updated_on>2017-03-06 04:54:28</sys_updated_on>
    </sys_ui_list_control>
</record_update>
