<?xml version="1.0" encoding="UTF-8"?>
<record_update sys_domain="global" table="sys_ui_action">
    <sys_ui_action action="INSERT_OR_UPDATE">
        <action_name/>
        <active>true</active>
        <client>true</client>
        <comments/>
        <condition/>
        <form_action>false</form_action>
        <form_button>false</form_button>
        <form_context_menu>false</form_context_menu>
        <form_link>false</form_link>
        <hint/>
        <list_action>true</list_action>
        <list_banner_button>false</list_banner_button>
        <list_button>true</list_button>
        <list_choice>true</list_choice>
        <list_context_menu>false</list_context_menu>
        <list_link>false</list_link>
        <list_save_with_form_button>false</list_save_with_form_button>
        <name>Generate Intent Schema</name>
        <onclick>showIntentSchema()</onclick>
        <order>999</order>
        <script><![CDATA[function showIntentSchema() {
	var dialogClass = GlideModal ? GlideModal : GlideDialogWindow;
	var dd = new dialogClass("x_snc_amazon_echo_generate_intent_schema");
	dd.setTitle("Intent schema");
	dd.setWidth(800);
	dd.render();
	
}]]></script>
        <show_insert>true</show_insert>
        <show_multiple_update>false</show_multiple_update>
        <show_query>false</show_query>
        <show_update>true</show_update>
        <sys_class_name>sys_ui_action</sys_class_name>
        <sys_created_by>jc</sys_created_by>
        <sys_created_on>2017-03-06 01:38:07</sys_created_on>
        <sys_customer_update>true</sys_customer_update>
        <sys_domain>global</sys_domain>
        <sys_domain_path>/</sys_domain_path>
        <sys_id>07d8168edb1db200d1a9f1351d961906</sys_id>
        <sys_mod_count>11</sys_mod_count>
        <sys_name>Generate Intent Schema</sys_name>
        <sys_overrides/>
        <sys_package display_value="Amazon Echo" source="x_snc_amazon_echo">101eb7da13a21200d0143d622244b063</sys_package>
        <sys_policy/>
        <sys_replace_on_upgrade>false</sys_replace_on_upgrade>
        <sys_scope display_value="Amazon Echo">101eb7da13a21200d0143d622244b063</sys_scope>
        <sys_update_name>sys_ui_action_07d8168edb1db200d1a9f1351d961906</sys_update_name>
        <sys_updated_by>jc</sys_updated_by>
        <sys_updated_on>2017-03-06 06:26:17</sys_updated_on>
        <table>x_snc_amazon_echo_intent</table>
        <ui11_compatible>true</ui11_compatible>
        <ui16_compatible>true</ui16_compatible>
    </sys_ui_action>
</record_update>
