<?xml version="1.0" encoding="UTF-8"?>
<record_update table="sys_script_include">
    <sys_script_include action="INSERT_OR_UPDATE">
        <access>package_private</access>
        <active>true</active>
        <api_name>x_snc_amazon_echo.EchoResponseBuilder</api_name>
        <client_callable>false</client_callable>
        <description/>
        <name>EchoResponseBuilder</name>
        <script><![CDATA[var EchoResponseBuilder = Class.create();
EchoResponseBuilder.prototype = {
	initialize: function() {
		this.response = {};
		this.response.response = {};
		this.response.version = '1;0';

	},

	setAttributes: function(attrObj) {
		this.response.sessionAttributes = attrObj;
		return;
	},

	setOutputSpeech: function(type, text, ssml){
		var o = {};
		o.type = type + '';
		o.text = text;
		o.ssml = ssml;

		this.response.response.outputSpeech = o;
		return;

	},

	setCard: function(type, title, content, text, imageObj){
		var c = {};
		c.type = type;
		c.text = text;
		c.content = content;
		c.image.smallImageUrl = imageObj.small;
		c.image.largeImageUrl = imageObj.large;

		this.response.response.card = c;
		return;

	},

	setReprompt: function(type, text, ssml){
		var r = {};
		r.outputSpeech = {};
		r.outputSpeech.ssml = ssml;
		r.outputSpeech.type = type;
		r.outputSpeech.text = text;

		this.response.response.reprompt = r;
		return;
	},

	setEnd: function(endSession){
		this.response.response.shouldEndSession = endSession + '';
	},

	getResponse: function() {
		return this.response;
	},

	type: 'EchoResponseBuilder'
};]]></script>
        <sys_class_name>sys_script_include</sys_class_name>
        <sys_created_by>jc</sys_created_by>
        <sys_created_on>2016-04-16 00:36:38</sys_created_on>
        <sys_customer_update>true</sys_customer_update>
        <sys_id>2227a5351372d200d0143d622244b0ae</sys_id>
        <sys_mod_count>21</sys_mod_count>
        <sys_name>EchoResponseBuilder</sys_name>
        <sys_package display_value="Amazon Echo" source="x_snc_amazon_echo">101eb7da13a21200d0143d622244b063</sys_package>
        <sys_policy>read</sys_policy>
        <sys_replace_on_upgrade>false</sys_replace_on_upgrade>
        <sys_scope display_value="Amazon Echo">101eb7da13a21200d0143d622244b063</sys_scope>
        <sys_update_name>sys_script_include_2227a5351372d200d0143d622244b0ae</sys_update_name>
        <sys_updated_by>jc</sys_updated_by>
        <sys_updated_on>2017-04-13 20:58:08</sys_updated_on>
    </sys_script_include>
</record_update>
