<?xml version="1.0" encoding="UTF-8"?>
<record_update>
    <sys_choice action="INSERT_OR_UPDATE" field="source" table="x_snc_amazon_echo_slot_types" version="3">
        <sys_choice action="INSERT_OR_UPDATE">
            <dependent_value/>
            <element>source</element>
            <hint/>
            <inactive>false</inactive>
            <label>Built-in</label>
            <language>en</language>
            <name>x_snc_amazon_echo_slot_types</name>
            <sequence>0</sequence>
            <sys_created_by>jc</sys_created_by>
            <sys_created_on>2017-03-05 23:44:31</sys_created_on>
            <sys_domain>global</sys_domain>
            <sys_domain_path>/</sys_domain_path>
            <sys_id>342fb906dbd9b200d1a9f1351d96198f</sys_id>
            <sys_mod_count>0</sys_mod_count>
            <sys_updated_by>jc</sys_updated_by>
            <sys_updated_on>2017-03-05 23:44:31</sys_updated_on>
            <value>Built-in</value>
        </sys_choice>
        <sys_choice action="INSERT_OR_UPDATE">
            <dependent_value/>
            <element>source</element>
            <hint/>
            <inactive>false</inactive>
            <label>Custom</label>
            <language>en</language>
            <name>x_snc_amazon_echo_slot_types</name>
            <sequence>1</sequence>
            <sys_created_by>jc</sys_created_by>
            <sys_created_on>2017-03-05 23:44:31</sys_created_on>
            <sys_domain>global</sys_domain>
            <sys_domain_path>/</sys_domain_path>
            <sys_id>b02fb906dbd9b200d1a9f1351d961990</sys_id>
            <sys_mod_count>0</sys_mod_count>
            <sys_updated_by>jc</sys_updated_by>
            <sys_updated_on>2017-03-05 23:44:31</sys_updated_on>
            <value>Custom</value>
        </sys_choice>
        <sys_choice_set action="INSERT_OR_UPDATE">
            <element>source</element>
            <name>x_snc_amazon_echo_slot_types</name>
            <sys_class_name>sys_choice_set</sys_class_name>
            <sys_created_by>jc</sys_created_by>
            <sys_created_on>2017-03-05 23:44:31</sys_created_on>
            <sys_customer_update>false</sys_customer_update>
            <sys_id>7c2fb906dbd9b200d1a9f1351d96198f</sys_id>
            <sys_mod_count>4</sys_mod_count>
            <sys_name>source</sys_name>
            <sys_package display_value="Amazon Echo" source="x_snc_amazon_echo">101eb7da13a21200d0143d622244b063</sys_package>
            <sys_policy/>
            <sys_replace_on_upgrade>false</sys_replace_on_upgrade>
            <sys_scope display_value="Amazon Echo">101eb7da13a21200d0143d622244b063</sys_scope>
            <sys_update_name>sys_choice_x_snc_amazon_echo_slot_types_source</sys_update_name>
            <sys_updated_by>jc</sys_updated_by>
            <sys_updated_on>2017-05-13 02:02:08</sys_updated_on>
        </sys_choice_set>
    </sys_choice>
</record_update>
