<?xml version="1.0" encoding="UTF-8"?>
<record_update>
    <sys_ui_section caption="Data" section_id="ae6ee24adb5db200d1a9f1351d9619e2" sys_domain="global" table="x_snc_amazon_echo_intent" version="3" view="">
        <sys_ui_annotation action="INSERT_OR_UPDATE">
            <is_plain_text>false</is_plain_text>
            <sys_created_by>jc</sys_created_by>
            <sys_created_on>2017-04-13 21:16:32</sys_created_on>
            <sys_id>b9439ee2db023a00d1a9f1351d96198c</sys_id>
            <sys_mod_count>0</sys_mod_count>
            <sys_updated_by>jc</sys_updated_by>
            <sys_updated_on>2017-04-13 21:16:32</sys_updated_on>
            <text>Include any Attribute names and their data type here. This is used for building the Intent schema from the Intent list.</text>
            <type display_value="Info Box Blue">753f88a80f930000b12e6903cfe01206</type>
        </sys_ui_annotation>
        <sys_ui_annotation action="INSERT_OR_UPDATE">
            <is_plain_text>false</is_plain_text>
            <sys_created_by>jc</sys_created_by>
            <sys_created_on>2017-04-13 21:16:32</sys_created_on>
            <sys_id>b1439ee2db023a00d1a9f1351d96198d</sys_id>
            <sys_mod_count>0</sys_mod_count>
            <sys_updated_by>jc</sys_updated_by>
            <sys_updated_on>2017-04-13 21:16:32</sys_updated_on>
            <text>Response attributes</text>
            <type display_value="Section Separator">443e806c0fd30000b12e6903cfe01281</type>
        </sys_ui_annotation>
        <sys_ui_element action="INSERT_OR_UPDATE">
            <element>b9439ee2db023a00d1a9f1351d96198c</element>
            <position>0</position>
            <sys_created_by>jc</sys_created_by>
            <sys_created_on>2017-04-13 21:16:32</sys_created_on>
            <sys_id>75439ee2db023a00d1a9f1351d96198d</sys_id>
            <sys_mod_count>0</sys_mod_count>
            <sys_ui_formatter/>
            <sys_ui_section caption="Data" display_value="Data" name="x_snc_amazon_echo_intent" sys_domain="global" view="Default view">ae6ee24adb5db200d1a9f1351d9619e2</sys_ui_section>
            <sys_updated_by>jc</sys_updated_by>
            <sys_updated_on>2017-04-13 21:16:32</sys_updated_on>
            <sys_user/>
            <type>annotation</type>
        </sys_ui_element>
        <sys_ui_element action="INSERT_OR_UPDATE">
            <element>.begin_split</element>
            <position>1</position>
            <sys_created_by>jc</sys_created_by>
            <sys_created_on>2017-04-13 21:16:32</sys_created_on>
            <sys_id>f9439ee2db023a00d1a9f1351d96198d</sys_id>
            <sys_mod_count>0</sys_mod_count>
            <sys_ui_formatter/>
            <sys_ui_section caption="Data" display_value="Data" name="x_snc_amazon_echo_intent" sys_domain="global" view="Default view">ae6ee24adb5db200d1a9f1351d9619e2</sys_ui_section>
            <sys_updated_by>jc</sys_updated_by>
            <sys_updated_on>2017-04-13 21:16:32</sys_updated_on>
            <sys_user/>
            <type>.begin_split</type>
        </sys_ui_element>
        <sys_ui_element action="INSERT_OR_UPDATE">
            <element>slot_name_1</element>
            <position>2</position>
            <sys_created_by>jc</sys_created_by>
            <sys_created_on>2017-04-13 21:16:32</sys_created_on>
            <sys_id>7d439ee2db023a00d1a9f1351d96198d</sys_id>
            <sys_mod_count>0</sys_mod_count>
            <sys_ui_formatter/>
            <sys_ui_section caption="Data" display_value="Data" name="x_snc_amazon_echo_intent" sys_domain="global" view="Default view">ae6ee24adb5db200d1a9f1351d9619e2</sys_ui_section>
            <sys_updated_by>jc</sys_updated_by>
            <sys_updated_on>2017-04-13 21:16:32</sys_updated_on>
            <sys_user/>
            <type/>
        </sys_ui_element>
        <sys_ui_element action="INSERT_OR_UPDATE">
            <element>.split</element>
            <position>3</position>
            <sys_created_by>jc</sys_created_by>
            <sys_created_on>2017-04-13 21:16:32</sys_created_on>
            <sys_id>fd439ee2db023a00d1a9f1351d96198d</sys_id>
            <sys_mod_count>0</sys_mod_count>
            <sys_ui_formatter/>
            <sys_ui_section caption="Data" display_value="Data" name="x_snc_amazon_echo_intent" sys_domain="global" view="Default view">ae6ee24adb5db200d1a9f1351d9619e2</sys_ui_section>
            <sys_updated_by>jc</sys_updated_by>
            <sys_updated_on>2017-04-13 21:16:32</sys_updated_on>
            <sys_user/>
            <type>.split</type>
        </sys_ui_element>
        <sys_ui_element action="INSERT_OR_UPDATE">
            <element>slot_type_1</element>
            <position>4</position>
            <sys_created_by>jc</sys_created_by>
            <sys_created_on>2017-04-13 21:16:32</sys_created_on>
            <sys_id>71439ee2db023a00d1a9f1351d96198e</sys_id>
            <sys_mod_count>0</sys_mod_count>
            <sys_ui_formatter/>
            <sys_ui_section caption="Data" display_value="Data" name="x_snc_amazon_echo_intent" sys_domain="global" view="Default view">ae6ee24adb5db200d1a9f1351d9619e2</sys_ui_section>
            <sys_updated_by>jc</sys_updated_by>
            <sys_updated_on>2017-04-13 21:16:32</sys_updated_on>
            <sys_user/>
            <type/>
        </sys_ui_element>
        <sys_ui_element action="INSERT_OR_UPDATE">
            <element>.end_split</element>
            <position>5</position>
            <sys_created_by>jc</sys_created_by>
            <sys_created_on>2017-04-13 21:16:32</sys_created_on>
            <sys_id>f1439ee2db023a00d1a9f1351d96198e</sys_id>
            <sys_mod_count>0</sys_mod_count>
            <sys_ui_formatter/>
            <sys_ui_section caption="Data" display_value="Data" name="x_snc_amazon_echo_intent" sys_domain="global" view="Default view">ae6ee24adb5db200d1a9f1351d9619e2</sys_ui_section>
            <sys_updated_by>jc</sys_updated_by>
            <sys_updated_on>2017-04-13 21:16:32</sys_updated_on>
            <sys_user/>
            <type>.end_split</type>
        </sys_ui_element>
        <sys_ui_element action="INSERT_OR_UPDATE">
            <element>.begin_split</element>
            <position>6</position>
            <sys_created_by>jc</sys_created_by>
            <sys_created_on>2017-04-13 21:16:32</sys_created_on>
            <sys_id>75439ee2db023a00d1a9f1351d96198e</sys_id>
            <sys_mod_count>0</sys_mod_count>
            <sys_ui_formatter/>
            <sys_ui_section caption="Data" display_value="Data" name="x_snc_amazon_echo_intent" sys_domain="global" view="Default view">ae6ee24adb5db200d1a9f1351d9619e2</sys_ui_section>
            <sys_updated_by>jc</sys_updated_by>
            <sys_updated_on>2017-04-13 21:16:32</sys_updated_on>
            <sys_user/>
            <type>.begin_split</type>
        </sys_ui_element>
        <sys_ui_element action="INSERT_OR_UPDATE">
            <element>slot_name_2</element>
            <position>7</position>
            <sys_created_by>jc</sys_created_by>
            <sys_created_on>2017-04-13 21:16:32</sys_created_on>
            <sys_id>f5439ee2db023a00d1a9f1351d96198e</sys_id>
            <sys_mod_count>0</sys_mod_count>
            <sys_ui_formatter/>
            <sys_ui_section caption="Data" display_value="Data" name="x_snc_amazon_echo_intent" sys_domain="global" view="Default view">ae6ee24adb5db200d1a9f1351d9619e2</sys_ui_section>
            <sys_updated_by>jc</sys_updated_by>
            <sys_updated_on>2017-04-13 21:16:32</sys_updated_on>
            <sys_user/>
            <type/>
        </sys_ui_element>
        <sys_ui_element action="INSERT_OR_UPDATE">
            <element>.split</element>
            <position>8</position>
            <sys_created_by>jc</sys_created_by>
            <sys_created_on>2017-04-13 21:16:32</sys_created_on>
            <sys_id>79439ee2db023a00d1a9f1351d96198e</sys_id>
            <sys_mod_count>0</sys_mod_count>
            <sys_ui_formatter/>
            <sys_ui_section caption="Data" display_value="Data" name="x_snc_amazon_echo_intent" sys_domain="global" view="Default view">ae6ee24adb5db200d1a9f1351d9619e2</sys_ui_section>
            <sys_updated_by>jc</sys_updated_by>
            <sys_updated_on>2017-04-13 21:16:32</sys_updated_on>
            <sys_user/>
            <type>.split</type>
        </sys_ui_element>
        <sys_ui_element action="INSERT_OR_UPDATE">
            <element>slot_type_2</element>
            <position>9</position>
            <sys_created_by>jc</sys_created_by>
            <sys_created_on>2017-04-13 21:16:32</sys_created_on>
            <sys_id>f9439ee2db023a00d1a9f1351d96198e</sys_id>
            <sys_mod_count>0</sys_mod_count>
            <sys_ui_formatter/>
            <sys_ui_section caption="Data" display_value="Data" name="x_snc_amazon_echo_intent" sys_domain="global" view="Default view">ae6ee24adb5db200d1a9f1351d9619e2</sys_ui_section>
            <sys_updated_by>jc</sys_updated_by>
            <sys_updated_on>2017-04-13 21:16:32</sys_updated_on>
            <sys_user/>
            <type/>
        </sys_ui_element>
        <sys_ui_element action="INSERT_OR_UPDATE">
            <element>.end_split</element>
            <position>10</position>
            <sys_created_by>jc</sys_created_by>
            <sys_created_on>2017-04-13 21:16:32</sys_created_on>
            <sys_id>7d439ee2db023a00d1a9f1351d96198e</sys_id>
            <sys_mod_count>0</sys_mod_count>
            <sys_ui_formatter/>
            <sys_ui_section caption="Data" display_value="Data" name="x_snc_amazon_echo_intent" sys_domain="global" view="Default view">ae6ee24adb5db200d1a9f1351d9619e2</sys_ui_section>
            <sys_updated_by>jc</sys_updated_by>
            <sys_updated_on>2017-04-13 21:16:32</sys_updated_on>
            <sys_user/>
            <type>.end_split</type>
        </sys_ui_element>
        <sys_ui_element action="INSERT_OR_UPDATE">
            <element>.begin_split</element>
            <position>11</position>
            <sys_created_by>jc</sys_created_by>
            <sys_created_on>2017-04-13 21:16:32</sys_created_on>
            <sys_id>fd439ee2db023a00d1a9f1351d96198e</sys_id>
            <sys_mod_count>0</sys_mod_count>
            <sys_ui_formatter/>
            <sys_ui_section caption="Data" display_value="Data" name="x_snc_amazon_echo_intent" sys_domain="global" view="Default view">ae6ee24adb5db200d1a9f1351d9619e2</sys_ui_section>
            <sys_updated_by>jc</sys_updated_by>
            <sys_updated_on>2017-04-13 21:16:32</sys_updated_on>
            <sys_user/>
            <type>.begin_split</type>
        </sys_ui_element>
        <sys_ui_element action="INSERT_OR_UPDATE">
            <element>slot_name_3</element>
            <position>12</position>
            <sys_created_by>jc</sys_created_by>
            <sys_created_on>2017-04-13 21:16:32</sys_created_on>
            <sys_id>71439ee2db023a00d1a9f1351d96198f</sys_id>
            <sys_mod_count>0</sys_mod_count>
            <sys_ui_formatter/>
            <sys_ui_section caption="Data" display_value="Data" name="x_snc_amazon_echo_intent" sys_domain="global" view="Default view">ae6ee24adb5db200d1a9f1351d9619e2</sys_ui_section>
            <sys_updated_by>jc</sys_updated_by>
            <sys_updated_on>2017-04-13 21:16:32</sys_updated_on>
            <sys_user/>
            <type/>
        </sys_ui_element>
        <sys_ui_element action="INSERT_OR_UPDATE">
            <element>.split</element>
            <position>13</position>
            <sys_created_by>jc</sys_created_by>
            <sys_created_on>2017-04-13 21:16:32</sys_created_on>
            <sys_id>f1439ee2db023a00d1a9f1351d96198f</sys_id>
            <sys_mod_count>0</sys_mod_count>
            <sys_ui_formatter/>
            <sys_ui_section caption="Data" display_value="Data" name="x_snc_amazon_echo_intent" sys_domain="global" view="Default view">ae6ee24adb5db200d1a9f1351d9619e2</sys_ui_section>
            <sys_updated_by>jc</sys_updated_by>
            <sys_updated_on>2017-04-13 21:16:32</sys_updated_on>
            <sys_user/>
            <type>.split</type>
        </sys_ui_element>
        <sys_ui_element action="INSERT_OR_UPDATE">
            <element>slot_type_3</element>
            <position>14</position>
            <sys_created_by>jc</sys_created_by>
            <sys_created_on>2017-04-13 21:16:32</sys_created_on>
            <sys_id>75439ee2db023a00d1a9f1351d96198f</sys_id>
            <sys_mod_count>0</sys_mod_count>
            <sys_ui_formatter/>
            <sys_ui_section caption="Data" display_value="Data" name="x_snc_amazon_echo_intent" sys_domain="global" view="Default view">ae6ee24adb5db200d1a9f1351d9619e2</sys_ui_section>
            <sys_updated_by>jc</sys_updated_by>
            <sys_updated_on>2017-04-13 21:16:32</sys_updated_on>
            <sys_user/>
            <type/>
        </sys_ui_element>
        <sys_ui_element action="INSERT_OR_UPDATE">
            <element>.end_split</element>
            <position>15</position>
            <sys_created_by>jc</sys_created_by>
            <sys_created_on>2017-04-13 21:16:32</sys_created_on>
            <sys_id>f5439ee2db023a00d1a9f1351d96198f</sys_id>
            <sys_mod_count>0</sys_mod_count>
            <sys_ui_formatter/>
            <sys_ui_section caption="Data" display_value="Data" name="x_snc_amazon_echo_intent" sys_domain="global" view="Default view">ae6ee24adb5db200d1a9f1351d9619e2</sys_ui_section>
            <sys_updated_by>jc</sys_updated_by>
            <sys_updated_on>2017-04-13 21:16:32</sys_updated_on>
            <sys_user/>
            <type>.end_split</type>
        </sys_ui_element>
        <sys_ui_element action="INSERT_OR_UPDATE">
            <element>b1439ee2db023a00d1a9f1351d96198d</element>
            <position>16</position>
            <sys_created_by>jc</sys_created_by>
            <sys_created_on>2017-04-13 21:16:32</sys_created_on>
            <sys_id>79439ee2db023a00d1a9f1351d96198f</sys_id>
            <sys_mod_count>0</sys_mod_count>
            <sys_ui_formatter/>
            <sys_ui_section caption="Data" display_value="Data" name="x_snc_amazon_echo_intent" sys_domain="global" view="Default view">ae6ee24adb5db200d1a9f1351d9619e2</sys_ui_section>
            <sys_updated_by>jc</sys_updated_by>
            <sys_updated_on>2017-04-13 21:16:32</sys_updated_on>
            <sys_user/>
            <type>annotation</type>
        </sys_ui_element>
        <sys_ui_element action="INSERT_OR_UPDATE">
            <element>output_speech_format</element>
            <position>17</position>
            <sys_created_by>jc</sys_created_by>
            <sys_created_on>2017-04-13 21:16:32</sys_created_on>
            <sys_id>f9439ee2db023a00d1a9f1351d96198f</sys_id>
            <sys_mod_count>0</sys_mod_count>
            <sys_ui_formatter/>
            <sys_ui_section caption="Data" display_value="Data" name="x_snc_amazon_echo_intent" sys_domain="global" view="Default view">ae6ee24adb5db200d1a9f1351d9619e2</sys_ui_section>
            <sys_updated_by>jc</sys_updated_by>
            <sys_updated_on>2017-04-13 21:16:32</sys_updated_on>
            <sys_user/>
            <type/>
        </sys_ui_element>
        <sys_ui_element action="INSERT_OR_UPDATE">
            <element>reprompt_speech_format</element>
            <position>18</position>
            <sys_created_by>jc</sys_created_by>
            <sys_created_on>2017-04-13 21:16:32</sys_created_on>
            <sys_id>7d439ee2db023a00d1a9f1351d96198f</sys_id>
            <sys_mod_count>0</sys_mod_count>
            <sys_ui_formatter/>
            <sys_ui_section caption="Data" display_value="Data" name="x_snc_amazon_echo_intent" sys_domain="global" view="Default view">ae6ee24adb5db200d1a9f1351d9619e2</sys_ui_section>
            <sys_updated_by>jc</sys_updated_by>
            <sys_updated_on>2017-04-13 21:16:32</sys_updated_on>
            <sys_user/>
            <type/>
        </sys_ui_element>
        <sys_ui_element action="INSERT_OR_UPDATE">
            <element>intent_ends_session</element>
            <position>19</position>
            <sys_created_by>jc</sys_created_by>
            <sys_created_on>2017-04-13 21:16:32</sys_created_on>
            <sys_id>fd439ee2db023a00d1a9f1351d96198f</sys_id>
            <sys_mod_count>0</sys_mod_count>
            <sys_ui_formatter/>
            <sys_ui_section caption="Data" display_value="Data" name="x_snc_amazon_echo_intent" sys_domain="global" view="Default view">ae6ee24adb5db200d1a9f1351d9619e2</sys_ui_section>
            <sys_updated_by>jc</sys_updated_by>
            <sys_updated_on>2017-04-13 21:16:32</sys_updated_on>
            <sys_user/>
            <type/>
        </sys_ui_element>
        <sys_ui_section action="INSERT_OR_UPDATE">
            <caption>Data</caption>
            <header>false</header>
            <name>x_snc_amazon_echo_intent</name>
            <roles/>
            <sys_class_name>sys_ui_section</sys_class_name>
            <sys_created_by>jc</sys_created_by>
            <sys_created_on>2017-03-06 03:11:03</sys_created_on>
            <sys_customer_update>true</sys_customer_update>
            <sys_domain>global</sys_domain>
            <sys_domain_path>/</sys_domain_path>
            <sys_id>ae6ee24adb5db200d1a9f1351d9619e2</sys_id>
            <sys_mod_count>0</sys_mod_count>
            <sys_name>Data</sys_name>
            <sys_overrides/>
            <sys_package display_value="Amazon Echo" source="x_snc_amazon_echo">101eb7da13a21200d0143d622244b063</sys_package>
            <sys_policy/>
            <sys_replace_on_upgrade>false</sys_replace_on_upgrade>
            <sys_scope display_value="Amazon Echo">101eb7da13a21200d0143d622244b063</sys_scope>
            <sys_update_name>sys_ui_section_ae6ee24adb5db200d1a9f1351d9619e2</sys_update_name>
            <sys_updated_by>jc</sys_updated_by>
            <sys_updated_on>2017-03-06 03:11:03</sys_updated_on>
            <sys_user/>
            <title>false</title>
            <view display_value="Default view" name="NULL">Default view</view>
            <view_name/>
        </sys_ui_section>
    </sys_ui_section>
</record_update>
