<?xml version="1.0" encoding="UTF-8"?>
<record_update>
    <sys_choice action="INSERT_OR_UPDATE" field="type" table="x_snc_amazon_echo_log" version="3">
        <sys_choice action="INSERT_OR_UPDATE">
            <dependent_value/>
            <element>type</element>
            <hint/>
            <inactive>false</inactive>
            <label>Inbound</label>
            <language>en</language>
            <name>x_snc_amazon_echo_log</name>
            <sequence>0</sequence>
            <sys_created_by>jc</sys_created_by>
            <sys_created_on>2017-03-14 00:03:07</sys_created_on>
            <sys_domain>global</sys_domain>
            <sys_domain_path>/</sys_domain_path>
            <sys_id>a3109764dba1f600d1a9f1351d9619b4</sys_id>
            <sys_mod_count>0</sys_mod_count>
            <sys_updated_by>jc</sys_updated_by>
            <sys_updated_on>2017-03-14 00:03:07</sys_updated_on>
            <value>Inbound</value>
        </sys_choice>
        <sys_choice action="INSERT_OR_UPDATE">
            <dependent_value/>
            <element>type</element>
            <hint/>
            <inactive>false</inactive>
            <label>Outbound</label>
            <language>en</language>
            <name>x_snc_amazon_echo_log</name>
            <sequence>1</sequence>
            <sys_created_by>jc</sys_created_by>
            <sys_created_on>2017-03-14 00:03:07</sys_created_on>
            <sys_domain>global</sys_domain>
            <sys_domain_path>/</sys_domain_path>
            <sys_id>63109764dba1f600d1a9f1351d9619b5</sys_id>
            <sys_mod_count>0</sys_mod_count>
            <sys_updated_by>jc</sys_updated_by>
            <sys_updated_on>2017-03-14 00:03:07</sys_updated_on>
            <value>Outbound</value>
        </sys_choice>
        <sys_choice_set action="INSERT_OR_UPDATE">
            <element>type</element>
            <name>x_snc_amazon_echo_log</name>
            <sys_class_name>sys_choice_set</sys_class_name>
            <sys_created_by>jc</sys_created_by>
            <sys_created_on>2017-03-14 00:03:07</sys_created_on>
            <sys_customer_update>false</sys_customer_update>
            <sys_id>2f109764dba1f600d1a9f1351d9619b4</sys_id>
            <sys_mod_count>4</sys_mod_count>
            <sys_name>type</sys_name>
            <sys_package display_value="Amazon Echo" source="x_snc_amazon_echo">101eb7da13a21200d0143d622244b063</sys_package>
            <sys_policy/>
            <sys_replace_on_upgrade>false</sys_replace_on_upgrade>
            <sys_scope display_value="Amazon Echo">101eb7da13a21200d0143d622244b063</sys_scope>
            <sys_update_name>sys_choice_x_snc_amazon_echo_log_type</sys_update_name>
            <sys_updated_by>jc</sys_updated_by>
            <sys_updated_on>2017-05-13 02:02:03</sys_updated_on>
        </sys_choice_set>
    </sys_choice>
</record_update>
