<?xml version="1.0" encoding="UTF-8"?>
<record_update>
    <sys_ui_list parent="" relationship="" sys_domain="global" table="x_snc_amazon_echo_intent" version="2" view="">
        <sys_ui_list_element action="INSERT_OR_UPDATE">
            <average_value>false</average_value>
            <element>name</element>
            <list_id display_value="x_snc_amazon_echo_intent" element="NULL" name="x_snc_amazon_echo_intent" parent="NULL" relationship="NULL" sys_domain="global" view="Default view">2927328edb5db200d1a9f1351d9619a1</list_id>
            <max_value>false</max_value>
            <min_value>false</min_value>
            <position>0</position>
            <sum>false</sum>
            <sys_created_by>jc</sys_created_by>
            <sys_created_on>2017-03-06 03:49:13</sys_created_on>
            <sys_id>ad27328edb5db200d1a9f1351d9619a1</sys_id>
            <sys_mod_count>0</sys_mod_count>
            <sys_updated_by>jc</sys_updated_by>
            <sys_updated_on>2017-03-06 03:49:13</sys_updated_on>
        </sys_ui_list_element>
        <sys_ui_list_element action="INSERT_OR_UPDATE">
            <average_value>false</average_value>
            <element>active</element>
            <list_id display_value="x_snc_amazon_echo_intent" element="NULL" name="x_snc_amazon_echo_intent" parent="NULL" relationship="NULL" sys_domain="global" view="Default view">2927328edb5db200d1a9f1351d9619a1</list_id>
            <max_value>false</max_value>
            <min_value>false</min_value>
            <position>1</position>
            <sum>false</sum>
            <sys_created_by>jc</sys_created_by>
            <sys_created_on>2017-03-06 03:49:13</sys_created_on>
            <sys_id>2127328edb5db200d1a9f1351d9619a2</sys_id>
            <sys_mod_count>0</sys_mod_count>
            <sys_updated_by>jc</sys_updated_by>
            <sys_updated_on>2017-03-06 03:49:13</sys_updated_on>
        </sys_ui_list_element>
        <sys_ui_list_element action="INSERT_OR_UPDATE">
            <average_value>false</average_value>
            <element>keyword</element>
            <list_id display_value="x_snc_amazon_echo_intent" element="NULL" name="x_snc_amazon_echo_intent" parent="NULL" relationship="NULL" sys_domain="global" view="Default view">2927328edb5db200d1a9f1351d9619a1</list_id>
            <max_value>false</max_value>
            <min_value>false</min_value>
            <position>2</position>
            <sum>false</sum>
            <sys_created_by>jc</sys_created_by>
            <sys_created_on>2017-03-06 03:49:13</sys_created_on>
            <sys_id>a127328edb5db200d1a9f1351d9619a2</sys_id>
            <sys_mod_count>0</sys_mod_count>
            <sys_updated_by>jc</sys_updated_by>
            <sys_updated_on>2017-03-06 03:49:13</sys_updated_on>
        </sys_ui_list_element>
        <sys_ui_list_element action="INSERT_OR_UPDATE">
            <average_value>false</average_value>
            <element>next_intent</element>
            <list_id display_value="x_snc_amazon_echo_intent" element="NULL" name="x_snc_amazon_echo_intent" parent="NULL" relationship="NULL" sys_domain="global" view="Default view">2927328edb5db200d1a9f1351d9619a1</list_id>
            <max_value>false</max_value>
            <min_value>false</min_value>
            <position>3</position>
            <sum>false</sum>
            <sys_created_by>jc</sys_created_by>
            <sys_created_on>2017-03-06 03:49:13</sys_created_on>
            <sys_id>2527328edb5db200d1a9f1351d9619a2</sys_id>
            <sys_mod_count>0</sys_mod_count>
            <sys_updated_by>jc</sys_updated_by>
            <sys_updated_on>2017-03-06 03:49:13</sys_updated_on>
        </sys_ui_list_element>
        <sys_ui_list action="INSERT_OR_UPDATE">
            <average_value>false</average_value>
            <element/>
            <max_value>false</max_value>
            <min_value>false</min_value>
            <name>x_snc_amazon_echo_intent</name>
            <parent/>
            <position/>
            <relationship/>
            <sum>false</sum>
            <sys_class_name>sys_ui_list</sys_class_name>
            <sys_created_by>jc</sys_created_by>
            <sys_created_on>2017-04-18 16:14:00</sys_created_on>
            <sys_customer_update>true</sys_customer_update>
            <sys_domain>global</sys_domain>
            <sys_domain_path>/</sys_domain_path>
            <sys_id>32fdbaccdbd27a0015f2de01ce9619c4</sys_id>
            <sys_mod_count>0</sys_mod_count>
            <sys_name>x_snc_amazon_echo_intent</sys_name>
            <sys_package display_value="Amazon Echo" source="x_snc_amazon_echo">101eb7da13a21200d0143d622244b063</sys_package>
            <sys_policy/>
            <sys_replace_on_upgrade>false</sys_replace_on_upgrade>
            <sys_scope display_value="Amazon Echo">101eb7da13a21200d0143d622244b063</sys_scope>
            <sys_update_name>sys_ui_list_x_snc_amazon_echo_intent_null</sys_update_name>
            <sys_updated_by>jc</sys_updated_by>
            <sys_updated_on>2017-04-18 16:14:00</sys_updated_on>
            <sys_user display_value="Jon Crane">4867ad4ddb5d320015f2de01ce961924</sys_user>
            <view display_value="Default view" name="NULL">Default view</view>
            <view_name/>
        </sys_ui_list>
    </sys_ui_list>
</record_update>
