<?xml version="1.0" encoding="UTF-8"?>
<record_update table="sys_security_acl_role">
    <sys_security_acl_role action="INSERT_OR_UPDATE">
        <sys_class_name>sys_security_acl_role</sys_class_name>
        <sys_created_by>jc</sys_created_by>
        <sys_created_on>2017-03-06 02:55:39</sys_created_on>
        <sys_customer_update>true</sys_customer_update>
        <sys_id>45ea62c6db5db200d1a9f1351d961970</sys_id>
        <sys_mod_count>0</sys_mod_count>
        <sys_name>x_snc_amazon_echo_intent.x_snc_amazon_echo.intent_user</sys_name>
        <sys_package display_value="Amazon Echo" source="x_snc_amazon_echo">101eb7da13a21200d0143d622244b063</sys_package>
        <sys_policy/>
        <sys_replace_on_upgrade>false</sys_replace_on_upgrade>
        <sys_scope display_value="Amazon Echo">101eb7da13a21200d0143d622244b063</sys_scope>
        <sys_security_acl display_value="x_snc_amazon_echo_intent">f0ea62c6db5db200d1a9f1351d961961</sys_security_acl>
        <sys_update_name>sys_security_acl_role_45ea62c6db5db200d1a9f1351d961970</sys_update_name>
        <sys_updated_by>jc</sys_updated_by>
        <sys_updated_on>2017-03-06 02:55:39</sys_updated_on>
        <sys_user_role display_value="x_snc_amazon_echo.intent_user" name="x_snc_amazon_echo.intent_user">14eae686db5db200d1a9f1351d96195c</sys_user_role>
        <transaction_id/>
    </sys_security_acl_role>
</record_update>
