<?xml version="1.0" encoding="UTF-8"?>
<record_update node_type="sys_grid_canvas" unload_date="2017-05-15 21:19:01">
    <sys_grid_canvas action="INSERT_OR_UPDATE">
        <legacy_page display_value="PA Incident Open">38bbb031d7201100b96d45a3ce610363</legacy_page>
        <name>PA Incident Open</name>
        <sys_class_name>sys_grid_canvas</sys_class_name>
        <sys_created_by>jc</sys_created_by>
        <sys_created_on>2017-05-08 20:29:24</sys_created_on>
        <sys_customer_update>true</sys_customer_update>
        <sys_id>4b38fa26db6e7600d1a9f1351d961969</sys_id>
        <sys_mod_count>0</sys_mod_count>
        <sys_name>PA Incident Open</sys_name>
        <sys_package display_value="Amazon Echo" source="x_snc_amazon_echo">101eb7da13a21200d0143d622244b063</sys_package>
        <sys_policy/>
        <sys_replace_on_upgrade>false</sys_replace_on_upgrade>
        <sys_scope display_value="Amazon Echo">101eb7da13a21200d0143d622244b063</sys_scope>
        <sys_update_name>sys_grid_canvas_4b38fa26db6e7600d1a9f1351d961969</sys_update_name>
        <sys_updated_by>jc</sys_updated_by>
        <sys_updated_on>2017-05-08 20:29:24</sys_updated_on>
        <related_items_node>
            <sys_grid_canvas_pane action="INSERT_OR_UPDATE">
                <grid_canvas display_value="PA Incident Open">4b38fa26db6e7600d1a9f1351d961969</grid_canvas>
                <height>11</height>
                <portal_widget display_value="Created 2014-03-19 05:48:04">fba06761d7231100b96d45a3ce610318</portal_widget>
                <posx>6</posx>
                <posy>10</posy>
                <sys_class_name>sys_grid_canvas_pane</sys_class_name>
                <sys_created_by>jc</sys_created_by>
                <sys_created_on>2017-05-08 20:29:24</sys_created_on>
                <sys_customer_update>true</sys_customer_update>
                <sys_id>0338fa26db6e7600d1a9f1351d961972</sys_id>
                <sys_mod_count>2</sys_mod_count>
                <sys_name>4b38fa26db6e7600d1a9f1351d961969</sys_name>
                <sys_package display_value="Amazon Echo" source="x_snc_amazon_echo">101eb7da13a21200d0143d622244b063</sys_package>
                <sys_policy/>
                <sys_replace_on_upgrade>false</sys_replace_on_upgrade>
                <sys_scope display_value="Amazon Echo">101eb7da13a21200d0143d622244b063</sys_scope>
                <sys_update_name>sys_grid_canvas_pane_0338fa26db6e7600d1a9f1351d961972</sys_update_name>
                <sys_updated_by>jc</sys_updated_by>
                <sys_updated_on>2017-05-08 20:29:29</sys_updated_on>
                <width>6</width>
                <related_items_node>
                    <sys_portal action="INSERT_OR_UPDATE">
                        <dropzone>dropzone2</dropzone>
                        <offset>1</offset>
                        <page display_value="PA Incident Open">38bbb031d7201100b96d45a3ce610363</page>
                        <summary/>
                        <sys_created_by>admin</sys_created_by>
                        <sys_created_on>2014-03-19 12:48:04</sys_created_on>
                        <sys_id>fba06761d7231100b96d45a3ce610318</sys_id>
                        <sys_mod_count>0</sys_mod_count>
                        <sys_updated_by>admin</sys_updated_by>
                        <sys_updated_on>2014-03-19 12:48:04</sys_updated_on>
                        <related_items_node>
                            <sys_grid_canvas_pane action="INSERT_OR_UPDATE">
                                <grid_canvas display_value="PA Incident Open">4b38fa26db6e7600d1a9f1351d961969</grid_canvas>
                                <height>11</height>
                                <portal_widget display_value="Created 2014-03-19 05:48:04">fba06761d7231100b96d45a3ce610318</portal_widget>
                                <posx>6</posx>
                                <posy>10</posy>
                                <sys_class_name>sys_grid_canvas_pane</sys_class_name>
                                <sys_created_by>jc</sys_created_by>
                                <sys_created_on>2017-05-08 20:29:24</sys_created_on>
                                <sys_customer_update>true</sys_customer_update>
                                <sys_id>0338fa26db6e7600d1a9f1351d961972</sys_id>
                                <sys_mod_count>2</sys_mod_count>
                                <sys_name>4b38fa26db6e7600d1a9f1351d961969</sys_name>
                                <sys_package display_value="Amazon Echo" source="x_snc_amazon_echo">101eb7da13a21200d0143d622244b063</sys_package>
                                <sys_policy/>
                                <sys_replace_on_upgrade>false</sys_replace_on_upgrade>
                                <sys_scope display_value="Amazon Echo">101eb7da13a21200d0143d622244b063</sys_scope>
                                <sys_update_name>sys_grid_canvas_pane_0338fa26db6e7600d1a9f1351d961972</sys_update_name>
                                <sys_updated_by>jc</sys_updated_by>
                                <sys_updated_on>2017-05-08 20:29:29</sys_updated_on>
                                <width>6</width>
                            </sys_grid_canvas_pane>
                        </related_items_node>
                        <related_items_node>
                            <sys_portal_preferences action="INSERT_OR_UPDATE">
                                <name>help_text_window</name>
                                <portal_section display_value="Created 2014-03-19 05:48:04">fba06761d7231100b96d45a3ce610318</portal_section>
                                <sys_created_by>system</sys_created_by>
                                <sys_created_on>2015-07-06 15:05:08</sys_created_on>
                                <sys_id>05a1cd56d7010200b96d45a3ce61034e</sys_id>
                                <sys_mod_count>0</sys_mod_count>
                                <sys_updated_by>system</sys_updated_by>
                                <sys_updated_on>2015-07-06 15:05:08</sys_updated_on>
                                <value>pa_widget_description</value>
                            </sys_portal_preferences>
                            <sys_portal_preferences action="INSERT_OR_UPDATE">
                                <name>type</name>
                                <portal_section display_value="Created 2014-03-19 05:48:04">fba06761d7231100b96d45a3ce610318</portal_section>
                                <sys_created_by>admin</sys_created_by>
                                <sys_created_on>2014-03-19 12:48:04</sys_created_on>
                                <sys_id>33a06761d7231100b96d45a3ce610319</sys_id>
                                <sys_mod_count>0</sys_mod_count>
                                <sys_updated_by>admin</sys_updated_by>
                                <sys_updated_on>2014-03-19 12:48:04</sys_updated_on>
                                <value>breakdown</value>
                            </sys_portal_preferences>
                            <sys_portal_preferences action="INSERT_OR_UPDATE">
                                <name>current_page</name>
                                <portal_section display_value="Created 2014-03-19 05:48:04">fba06761d7231100b96d45a3ce610318</portal_section>
                                <sys_created_by>admin</sys_created_by>
                                <sys_created_on>2014-03-19 12:48:04</sys_created_on>
                                <sys_id>37a06761d7231100b96d45a3ce610319</sys_id>
                                <sys_mod_count>0</sys_mod_count>
                                <sys_updated_by>admin</sys_updated_by>
                                <sys_updated_on>2014-03-19 12:48:04</sys_updated_on>
                                <value>38bbb031d7201100b96d45a3ce610363</value>
                            </sys_portal_preferences>
                            <sys_portal_preferences action="INSERT_OR_UPDATE">
                                <name>title</name>
                                <portal_section display_value="Created 2014-03-19 05:48:04">fba06761d7231100b96d45a3ce610318</portal_section>
                                <sys_created_by>admin</sys_created_by>
                                <sys_created_on>2014-03-19 12:48:04</sys_created_on>
                                <sys_id>3fa06761d7231100b96d45a3ce610318</sys_id>
                                <sys_mod_count>0</sys_mod_count>
                                <sys_updated_by>admin</sys_updated_by>
                                <sys_updated_on>2014-03-19 12:48:04</sys_updated_on>
                                <value>Average age of open incidents by priority</value>
                            </sys_portal_preferences>
                            <sys_portal_preferences action="INSERT_OR_UPDATE">
                                <name>renderer</name>
                                <portal_section display_value="Created 2014-03-19 05:48:04">fba06761d7231100b96d45a3ce610318</portal_section>
                                <sys_created_by>admin</sys_created_by>
                                <sys_created_on>2014-03-19 12:48:04</sys_created_on>
                                <sys_id>b3a06761d7231100b96d45a3ce610319</sys_id>
                                <sys_mod_count>0</sys_mod_count>
                                <sys_updated_by>admin</sys_updated_by>
                                <sys_updated_on>2014-03-19 12:48:04</sys_updated_on>
                                <value>com.snc.pa.ui.RenderPerformanceAnalytics</value>
                            </sys_portal_preferences>
                            <sys_portal_preferences action="INSERT_OR_UPDATE">
                                <name>sys_id</name>
                                <portal_section display_value="Created 2014-03-19 05:48:04">fba06761d7231100b96d45a3ce610318</portal_section>
                                <sys_created_by>admin</sys_created_by>
                                <sys_created_on>2014-03-19 12:48:04</sys_created_on>
                                <sys_id>bfa06761d7231100b96d45a3ce610318</sys_id>
                                <sys_mod_count>0</sys_mod_count>
                                <sys_updated_by>admin</sys_updated_by>
                                <sys_updated_on>2014-03-19 12:48:04</sys_updated_on>
                                <value>ad20a652d7031100b96d45a3ce6103c7</value>
                            </sys_portal_preferences>
                        </related_items_node>
                    </sys_portal>
                </related_items_node>
                <related_items_node>
                    <sys_portal action="INSERT_OR_UPDATE">
                        <dropzone>dropzone1</dropzone>
                        <offset>2</offset>
                        <page display_value="PA Incident Open">38bbb031d7201100b96d45a3ce610363</page>
                        <summary/>
                        <sys_created_by>admin</sys_created_by>
                        <sys_created_on>2014-03-19 12:48:04</sys_created_on>
                        <sys_id>f3a06761d7231100b96d45a3ce610317</sys_id>
                        <sys_mod_count>0</sys_mod_count>
                        <sys_updated_by>admin</sys_updated_by>
                        <sys_updated_on>2014-03-19 12:48:04</sys_updated_on>
                        <related_items_node>
                            <sys_grid_canvas_pane action="INSERT_OR_UPDATE">
                                <grid_canvas display_value="PA Incident Open">4b38fa26db6e7600d1a9f1351d961969</grid_canvas>
                                <height>10</height>
                                <portal_widget display_value="Created 2014-03-19 05:48:04">f3a06761d7231100b96d45a3ce610317</portal_widget>
                                <posx>0</posx>
                                <posy>21</posy>
                                <sys_class_name>sys_grid_canvas_pane</sys_class_name>
                                <sys_created_by>jc</sys_created_by>
                                <sys_created_on>2017-05-08 20:29:24</sys_created_on>
                                <sys_customer_update>true</sys_customer_update>
                                <sys_id>0f38fa26db6e7600d1a9f1351d96196e</sys_id>
                                <sys_mod_count>2</sys_mod_count>
                                <sys_name>4b38fa26db6e7600d1a9f1351d961969</sys_name>
                                <sys_package display_value="Amazon Echo" source="x_snc_amazon_echo">101eb7da13a21200d0143d622244b063</sys_package>
                                <sys_policy/>
                                <sys_replace_on_upgrade>false</sys_replace_on_upgrade>
                                <sys_scope display_value="Amazon Echo">101eb7da13a21200d0143d622244b063</sys_scope>
                                <sys_update_name>sys_grid_canvas_pane_0f38fa26db6e7600d1a9f1351d96196e</sys_update_name>
                                <sys_updated_by>jc</sys_updated_by>
                                <sys_updated_on>2017-05-08 20:29:29</sys_updated_on>
                                <width>6</width>
                            </sys_grid_canvas_pane>
                        </related_items_node>
                        <related_items_node>
                            <sys_portal_preferences action="INSERT_OR_UPDATE">
                                <name>help_text_window</name>
                                <portal_section display_value="Created 2014-03-19 05:48:04">f3a06761d7231100b96d45a3ce610317</portal_section>
                                <sys_created_by>system</sys_created_by>
                                <sys_created_on>2015-07-06 15:05:08</sys_created_on>
                                <sys_id>09a1cd56d7010200b96d45a3ce61034e</sys_id>
                                <sys_mod_count>0</sys_mod_count>
                                <sys_updated_by>system</sys_updated_by>
                                <sys_updated_on>2015-07-06 15:05:08</sys_updated_on>
                                <value>pa_widget_description</value>
                            </sys_portal_preferences>
                            <sys_portal_preferences action="INSERT_OR_UPDATE">
                                <name>title</name>
                                <portal_section display_value="Created 2014-03-19 05:48:04">f3a06761d7231100b96d45a3ce610317</portal_section>
                                <sys_created_by>admin</sys_created_by>
                                <sys_created_on>2014-03-19 12:48:04</sys_created_on>
                                <sys_id>37a06761d7231100b96d45a3ce610317</sys_id>
                                <sys_mod_count>0</sys_mod_count>
                                <sys_updated_by>admin</sys_updated_by>
                                <sys_updated_on>2014-03-19 12:48:04</sys_updated_on>
                                <value>Open incidents by age</value>
                            </sys_portal_preferences>
                            <sys_portal_preferences action="INSERT_OR_UPDATE">
                                <name>type</name>
                                <portal_section display_value="Created 2014-03-19 05:48:04">f3a06761d7231100b96d45a3ce610317</portal_section>
                                <sys_created_by>admin</sys_created_by>
                                <sys_created_on>2014-03-19 12:48:04</sys_created_on>
                                <sys_id>3ba06761d7231100b96d45a3ce610317</sys_id>
                                <sys_mod_count>0</sys_mod_count>
                                <sys_updated_by>admin</sys_updated_by>
                                <sys_updated_on>2014-03-19 12:48:04</sys_updated_on>
                                <value>breakdown</value>
                            </sys_portal_preferences>
                            <sys_portal_preferences action="INSERT_OR_UPDATE">
                                <name>current_page</name>
                                <portal_section display_value="Created 2014-03-19 05:48:04">f3a06761d7231100b96d45a3ce610317</portal_section>
                                <sys_created_by>admin</sys_created_by>
                                <sys_created_on>2014-03-19 12:48:04</sys_created_on>
                                <sys_id>3fa06761d7231100b96d45a3ce610317</sys_id>
                                <sys_mod_count>0</sys_mod_count>
                                <sys_updated_by>admin</sys_updated_by>
                                <sys_updated_on>2014-03-19 12:48:04</sys_updated_on>
                                <value>38bbb031d7201100b96d45a3ce610363</value>
                            </sys_portal_preferences>
                            <sys_portal_preferences action="INSERT_OR_UPDATE">
                                <name>sys_id</name>
                                <portal_section display_value="Created 2014-03-19 05:48:04">f3a06761d7231100b96d45a3ce610317</portal_section>
                                <sys_created_by>admin</sys_created_by>
                                <sys_created_on>2014-03-19 12:48:04</sys_created_on>
                                <sys_id>b7a06761d7231100b96d45a3ce610317</sys_id>
                                <sys_mod_count>0</sys_mod_count>
                                <sys_updated_by>admin</sys_updated_by>
                                <sys_updated_on>2014-03-19 12:48:04</sys_updated_on>
                                <value>c780e652d7031100b96d45a3ce610354</value>
                            </sys_portal_preferences>
                            <sys_portal_preferences action="INSERT_OR_UPDATE">
                                <name>renderer</name>
                                <portal_section display_value="Created 2014-03-19 05:48:04">f3a06761d7231100b96d45a3ce610317</portal_section>
                                <sys_created_by>admin</sys_created_by>
                                <sys_created_on>2014-03-19 12:48:04</sys_created_on>
                                <sys_id>bba06761d7231100b96d45a3ce610317</sys_id>
                                <sys_mod_count>0</sys_mod_count>
                                <sys_updated_by>admin</sys_updated_by>
                                <sys_updated_on>2014-03-19 12:48:04</sys_updated_on>
                                <value>com.snc.pa.ui.RenderPerformanceAnalytics</value>
                            </sys_portal_preferences>
                        </related_items_node>
                    </sys_portal>
                </related_items_node>
                <related_items_node>
                    <sys_portal action="INSERT_OR_UPDATE">
                        <dropzone>dropzone1</dropzone>
                        <offset>1</offset>
                        <page display_value="PA Incident Open">38bbb031d7201100b96d45a3ce610363</page>
                        <summary/>
                        <sys_created_by>admin</sys_created_by>
                        <sys_created_on>2014-03-19 12:48:04</sys_created_on>
                        <sys_id>f7a06761d7231100b96d45a3ce610316</sys_id>
                        <sys_mod_count>0</sys_mod_count>
                        <sys_updated_by>admin</sys_updated_by>
                        <sys_updated_on>2014-03-19 12:48:04</sys_updated_on>
                        <related_items_node>
                            <sys_grid_canvas_pane action="INSERT_OR_UPDATE">
                                <grid_canvas display_value="PA Incident Open">4b38fa26db6e7600d1a9f1351d961969</grid_canvas>
                                <height>11</height>
                                <portal_widget display_value="Created 2014-03-19 05:48:04">f7a06761d7231100b96d45a3ce610316</portal_widget>
                                <posx>0</posx>
                                <posy>10</posy>
                                <sys_class_name>sys_grid_canvas_pane</sys_class_name>
                                <sys_created_by>jc</sys_created_by>
                                <sys_created_on>2017-05-08 20:29:24</sys_created_on>
                                <sys_customer_update>true</sys_customer_update>
                                <sys_id>8338fa26db6e7600d1a9f1351d96196d</sys_id>
                                <sys_mod_count>2</sys_mod_count>
                                <sys_name>4b38fa26db6e7600d1a9f1351d961969</sys_name>
                                <sys_package display_value="Amazon Echo" source="x_snc_amazon_echo">101eb7da13a21200d0143d622244b063</sys_package>
                                <sys_policy/>
                                <sys_replace_on_upgrade>false</sys_replace_on_upgrade>
                                <sys_scope display_value="Amazon Echo">101eb7da13a21200d0143d622244b063</sys_scope>
                                <sys_update_name>sys_grid_canvas_pane_8338fa26db6e7600d1a9f1351d96196d</sys_update_name>
                                <sys_updated_by>jc</sys_updated_by>
                                <sys_updated_on>2017-05-08 20:29:29</sys_updated_on>
                                <width>6</width>
                            </sys_grid_canvas_pane>
                        </related_items_node>
                        <related_items_node>
                            <sys_portal_preferences action="INSERT_OR_UPDATE">
                                <name>current_page</name>
                                <portal_section display_value="Created 2014-03-19 05:48:04">f7a06761d7231100b96d45a3ce610316</portal_section>
                                <sys_created_by>admin</sys_created_by>
                                <sys_created_on>2014-03-19 12:48:04</sys_created_on>
                                <sys_id>33a06761d7231100b96d45a3ce610317</sys_id>
                                <sys_mod_count>0</sys_mod_count>
                                <sys_updated_by>admin</sys_updated_by>
                                <sys_updated_on>2014-03-19 12:48:04</sys_updated_on>
                                <value>38bbb031d7201100b96d45a3ce610363</value>
                            </sys_portal_preferences>
                            <sys_portal_preferences action="INSERT_OR_UPDATE">
                                <name>title</name>
                                <portal_section display_value="Created 2014-03-19 05:48:04">f7a06761d7231100b96d45a3ce610316</portal_section>
                                <sys_created_by>admin</sys_created_by>
                                <sys_created_on>2014-03-19 12:48:04</sys_created_on>
                                <sys_id>3ba06761d7231100b96d45a3ce610316</sys_id>
                                <sys_mod_count>0</sys_mod_count>
                                <sys_updated_by>admin</sys_updated_by>
                                <sys_updated_on>2014-03-19 12:48:04</sys_updated_on>
                                <value>Open incidents by Priority</value>
                            </sys_portal_preferences>
                            <sys_portal_preferences action="INSERT_OR_UPDATE">
                                <name>type</name>
                                <portal_section display_value="Created 2014-03-19 05:48:04">f7a06761d7231100b96d45a3ce610316</portal_section>
                                <sys_created_by>admin</sys_created_by>
                                <sys_created_on>2014-03-19 12:48:04</sys_created_on>
                                <sys_id>3fa06761d7231100b96d45a3ce610316</sys_id>
                                <sys_mod_count>0</sys_mod_count>
                                <sys_updated_by>admin</sys_updated_by>
                                <sys_updated_on>2014-03-19 12:48:04</sys_updated_on>
                                <value>breakdown</value>
                            </sys_portal_preferences>
                            <sys_portal_preferences action="INSERT_OR_UPDATE">
                                <name>help_text_window</name>
                                <portal_section display_value="Created 2014-03-19 05:48:04">f7a06761d7231100b96d45a3ce610316</portal_section>
                                <sys_created_by>system</sys_created_by>
                                <sys_created_on>2015-07-06 15:05:08</sys_created_on>
                                <sys_id>89a1cd56d7010200b96d45a3ce61034e</sys_id>
                                <sys_mod_count>0</sys_mod_count>
                                <sys_updated_by>system</sys_updated_by>
                                <sys_updated_on>2015-07-06 15:05:08</sys_updated_on>
                                <value>pa_widget_description</value>
                            </sys_portal_preferences>
                            <sys_portal_preferences action="INSERT_OR_UPDATE">
                                <name>sys_id</name>
                                <portal_section display_value="Created 2014-03-19 05:48:04">f7a06761d7231100b96d45a3ce610316</portal_section>
                                <sys_created_by>admin</sys_created_by>
                                <sys_created_on>2014-03-19 12:48:04</sys_created_on>
                                <sys_id>bba06761d7231100b96d45a3ce610316</sys_id>
                                <sys_mod_count>0</sys_mod_count>
                                <sys_updated_by>admin</sys_updated_by>
                                <sys_updated_on>2014-03-19 12:48:04</sys_updated_on>
                                <value>23dfd361d7231100b96d45a3ce610300</value>
                            </sys_portal_preferences>
                            <sys_portal_preferences action="INSERT_OR_UPDATE">
                                <name>renderer</name>
                                <portal_section display_value="Created 2014-03-19 05:48:04">f7a06761d7231100b96d45a3ce610316</portal_section>
                                <sys_created_by>admin</sys_created_by>
                                <sys_created_on>2014-03-19 12:48:04</sys_created_on>
                                <sys_id>bfa06761d7231100b96d45a3ce610316</sys_id>
                                <sys_mod_count>0</sys_mod_count>
                                <sys_updated_by>admin</sys_updated_by>
                                <sys_updated_on>2014-03-19 12:48:04</sys_updated_on>
                                <value>com.snc.pa.ui.RenderPerformanceAnalytics</value>
                            </sys_portal_preferences>
                        </related_items_node>
                    </sys_portal>
                </related_items_node>
                <related_items_node>
                    <sys_portal action="INSERT_OR_UPDATE">
                        <dropzone>dropzone2</dropzone>
                        <offset>0</offset>
                        <page display_value="PA Incident Open">38bbb031d7201100b96d45a3ce610363</page>
                        <summary/>
                        <sys_created_by>admin</sys_created_by>
                        <sys_created_on>2014-03-19 12:48:04</sys_created_on>
                        <sys_id>ffa06761d7231100b96d45a3ce610317</sys_id>
                        <sys_mod_count>0</sys_mod_count>
                        <sys_updated_by>admin</sys_updated_by>
                        <sys_updated_on>2014-03-19 12:48:04</sys_updated_on>
                        <related_items_node>
                            <sys_grid_canvas_pane action="INSERT_OR_UPDATE">
                                <grid_canvas display_value="PA Incident Open">4b38fa26db6e7600d1a9f1351d961969</grid_canvas>
                                <height>10</height>
                                <portal_widget display_value="Created 2014-03-19 05:48:04">ffa06761d7231100b96d45a3ce610317</portal_widget>
                                <posx>6</posx>
                                <posy>0</posy>
                                <sys_class_name>sys_grid_canvas_pane</sys_class_name>
                                <sys_created_by>jc</sys_created_by>
                                <sys_created_on>2017-05-08 20:29:24</sys_created_on>
                                <sys_customer_update>true</sys_customer_update>
                                <sys_id>8738fa26db6e7600d1a9f1351d961970</sys_id>
                                <sys_mod_count>1</sys_mod_count>
                                <sys_name>4b38fa26db6e7600d1a9f1351d961969</sys_name>
                                <sys_package display_value="Amazon Echo" source="x_snc_amazon_echo">101eb7da13a21200d0143d622244b063</sys_package>
                                <sys_policy/>
                                <sys_replace_on_upgrade>false</sys_replace_on_upgrade>
                                <sys_scope display_value="Amazon Echo">101eb7da13a21200d0143d622244b063</sys_scope>
                                <sys_update_name>sys_grid_canvas_pane_8738fa26db6e7600d1a9f1351d961970</sys_update_name>
                                <sys_updated_by>jc</sys_updated_by>
                                <sys_updated_on>2017-05-08 20:29:26</sys_updated_on>
                                <width>6</width>
                            </sys_grid_canvas_pane>
                        </related_items_node>
                        <related_items_node>
                            <sys_portal_preferences action="INSERT_OR_UPDATE">
                                <name>title</name>
                                <portal_section display_value="Created 2014-03-19 05:48:04">ffa06761d7231100b96d45a3ce610317</portal_section>
                                <sys_created_by>admin</sys_created_by>
                                <sys_created_on>2014-03-19 12:48:04</sys_created_on>
                                <sys_id>33a06761d7231100b96d45a3ce610318</sys_id>
                                <sys_mod_count>0</sys_mod_count>
                                <sys_updated_by>admin</sys_updated_by>
                                <sys_updated_on>2014-03-19 12:48:04</sys_updated_on>
                                <value>Average age of open incidents</value>
                            </sys_portal_preferences>
                            <sys_portal_preferences action="INSERT_OR_UPDATE">
                                <name>type</name>
                                <portal_section display_value="Created 2014-03-19 05:48:04">ffa06761d7231100b96d45a3ce610317</portal_section>
                                <sys_created_by>admin</sys_created_by>
                                <sys_created_on>2014-03-19 12:48:04</sys_created_on>
                                <sys_id>37a06761d7231100b96d45a3ce610318</sys_id>
                                <sys_mod_count>0</sys_mod_count>
                                <sys_updated_by>admin</sys_updated_by>
                                <sys_updated_on>2014-03-19 12:48:04</sys_updated_on>
                                <value>score</value>
                            </sys_portal_preferences>
                            <sys_portal_preferences action="INSERT_OR_UPDATE">
                                <name>current_page</name>
                                <portal_section display_value="Created 2014-03-19 05:48:04">ffa06761d7231100b96d45a3ce610317</portal_section>
                                <sys_created_by>admin</sys_created_by>
                                <sys_created_on>2014-03-19 12:48:04</sys_created_on>
                                <sys_id>3ba06761d7231100b96d45a3ce610318</sys_id>
                                <sys_mod_count>0</sys_mod_count>
                                <sys_updated_by>admin</sys_updated_by>
                                <sys_updated_on>2014-03-19 12:48:04</sys_updated_on>
                                <value>38bbb031d7201100b96d45a3ce610363</value>
                            </sys_portal_preferences>
                            <sys_portal_preferences action="INSERT_OR_UPDATE">
                                <name>help_text_window</name>
                                <portal_section display_value="Created 2014-03-19 05:48:04">ffa06761d7231100b96d45a3ce610317</portal_section>
                                <sys_created_by>system</sys_created_by>
                                <sys_created_on>2015-07-06 15:05:08</sys_created_on>
                                <sys_id>85a1cd56d7010200b96d45a3ce61034e</sys_id>
                                <sys_mod_count>0</sys_mod_count>
                                <sys_updated_by>system</sys_updated_by>
                                <sys_updated_on>2015-07-06 15:05:08</sys_updated_on>
                                <value>pa_widget_description</value>
                            </sys_portal_preferences>
                            <sys_portal_preferences action="INSERT_OR_UPDATE">
                                <name>sys_id</name>
                                <portal_section display_value="Created 2014-03-19 05:48:04">ffa06761d7231100b96d45a3ce610317</portal_section>
                                <sys_created_by>admin</sys_created_by>
                                <sys_created_on>2014-03-19 12:48:04</sys_created_on>
                                <sys_id>b3a06761d7231100b96d45a3ce610318</sys_id>
                                <sys_mod_count>0</sys_mod_count>
                                <sys_updated_by>admin</sys_updated_by>
                                <sys_updated_on>2014-03-19 12:48:04</sys_updated_on>
                                <value>1507ee52d7031100b96d45a3ce6103e9</value>
                            </sys_portal_preferences>
                            <sys_portal_preferences action="INSERT_OR_UPDATE">
                                <name>renderer</name>
                                <portal_section display_value="Created 2014-03-19 05:48:04">ffa06761d7231100b96d45a3ce610317</portal_section>
                                <sys_created_by>admin</sys_created_by>
                                <sys_created_on>2014-03-19 12:48:04</sys_created_on>
                                <sys_id>b7a06761d7231100b96d45a3ce610318</sys_id>
                                <sys_mod_count>0</sys_mod_count>
                                <sys_updated_by>admin</sys_updated_by>
                                <sys_updated_on>2014-03-19 12:48:04</sys_updated_on>
                                <value>com.snc.pa.ui.RenderPerformanceAnalytics</value>
                            </sys_portal_preferences>
                        </related_items_node>
                    </sys_portal>
                </related_items_node>
                <related_items_node>
                    <sys_portal action="INSERT_OR_UPDATE">
                        <dropzone>dropzone1</dropzone>
                        <offset>0</offset>
                        <page display_value="PA Incident Open">38bbb031d7201100b96d45a3ce610363</page>
                        <summary>Open incidents</summary>
                        <sys_created_by>admin</sys_created_by>
                        <sys_created_on>2014-03-19 12:48:04</sys_created_on>
                        <sys_id>37a06761d7231100b96d45a3ce610309</sys_id>
                        <sys_mod_count>1</sys_mod_count>
                        <sys_updated_by>admin</sys_updated_by>
                        <sys_updated_on>2015-07-07 10:56:47</sys_updated_on>
                        <related_items_node>
                            <sys_grid_canvas_pane action="INSERT_OR_UPDATE">
                                <grid_canvas display_value="PA Incident Open">4b38fa26db6e7600d1a9f1351d961969</grid_canvas>
                                <height>10</height>
                                <portal_widget display_value="Created 2014-03-19 05:48:04">37a06761d7231100b96d45a3ce610309</portal_widget>
                                <posx>0</posx>
                                <posy>0</posy>
                                <sys_class_name>sys_grid_canvas_pane</sys_class_name>
                                <sys_created_by>jc</sys_created_by>
                                <sys_created_on>2017-05-08 20:29:24</sys_created_on>
                                <sys_customer_update>true</sys_customer_update>
                                <sys_id>c738fa26db6e7600d1a9f1351d96196b</sys_id>
                                <sys_mod_count>1</sys_mod_count>
                                <sys_name>4b38fa26db6e7600d1a9f1351d961969</sys_name>
                                <sys_package display_value="Amazon Echo" source="x_snc_amazon_echo">101eb7da13a21200d0143d622244b063</sys_package>
                                <sys_policy/>
                                <sys_replace_on_upgrade>false</sys_replace_on_upgrade>
                                <sys_scope display_value="Amazon Echo">101eb7da13a21200d0143d622244b063</sys_scope>
                                <sys_update_name>sys_grid_canvas_pane_c738fa26db6e7600d1a9f1351d96196b</sys_update_name>
                                <sys_updated_by>jc</sys_updated_by>
                                <sys_updated_on>2017-05-08 20:29:26</sys_updated_on>
                                <width>6</width>
                            </sys_grid_canvas_pane>
                        </related_items_node>
                        <related_items_node>
                            <sys_portal_preferences action="INSERT_OR_UPDATE">
                                <name>type</name>
                                <portal_section display_value="Created 2014-03-19 05:48:04">37a06761d7231100b96d45a3ce610309</portal_section>
                                <sys_created_by>admin</sys_created_by>
                                <sys_created_on>2014-03-19 12:48:04</sys_created_on>
                                <sys_id>33a06761d7231100b96d45a3ce610316</sys_id>
                                <sys_mod_count>0</sys_mod_count>
                                <sys_updated_by>admin</sys_updated_by>
                                <sys_updated_on>2014-03-19 12:48:04</sys_updated_on>
                                <value>score</value>
                            </sys_portal_preferences>
                            <sys_portal_preferences action="INSERT_OR_UPDATE">
                                <name>current_page</name>
                                <portal_section display_value="Created 2014-03-19 05:48:04">37a06761d7231100b96d45a3ce610309</portal_section>
                                <sys_created_by>admin</sys_created_by>
                                <sys_created_on>2014-03-19 12:48:04</sys_created_on>
                                <sys_id>37a06761d7231100b96d45a3ce610316</sys_id>
                                <sys_mod_count>0</sys_mod_count>
                                <sys_updated_by>admin</sys_updated_by>
                                <sys_updated_on>2014-03-19 12:48:04</sys_updated_on>
                                <value>38bbb031d7201100b96d45a3ce610363</value>
                            </sys_portal_preferences>
                            <sys_portal_preferences action="INSERT_OR_UPDATE">
                                <name>title</name>
                                <portal_section display_value="Created 2014-03-19 05:48:04">37a06761d7231100b96d45a3ce610309</portal_section>
                                <sys_created_by>admin</sys_created_by>
                                <sys_created_on>2014-03-19 12:48:04</sys_created_on>
                                <sys_id>77a06761d7231100b96d45a3ce610309</sys_id>
                                <sys_mod_count>1</sys_mod_count>
                                <sys_updated_by>admin</sys_updated_by>
                                <sys_updated_on>2015-07-07 10:56:47</sys_updated_on>
                                <value>Open incidents</value>
                            </sys_portal_preferences>
                            <sys_portal_preferences action="INSERT_OR_UPDATE">
                                <name>help_text_window</name>
                                <portal_section display_value="Created 2014-03-19 05:48:04">37a06761d7231100b96d45a3ce610309</portal_section>
                                <sys_created_by>system</sys_created_by>
                                <sys_created_on>2015-07-06 15:05:08</sys_created_on>
                                <sys_id>81a1cd56d7010200b96d45a3ce61034e</sys_id>
                                <sys_mod_count>0</sys_mod_count>
                                <sys_updated_by>system</sys_updated_by>
                                <sys_updated_on>2015-07-06 15:05:08</sys_updated_on>
                                <value>pa_widget_description</value>
                            </sys_portal_preferences>
                            <sys_portal_preferences action="INSERT_OR_UPDATE">
                                <name>renderer</name>
                                <portal_section display_value="Created 2014-03-19 05:48:04">37a06761d7231100b96d45a3ce610309</portal_section>
                                <sys_created_by>admin</sys_created_by>
                                <sys_created_on>2014-03-19 12:48:04</sys_created_on>
                                <sys_id>b3a06761d7231100b96d45a3ce610316</sys_id>
                                <sys_mod_count>0</sys_mod_count>
                                <sys_updated_by>admin</sys_updated_by>
                                <sys_updated_on>2014-03-19 12:48:04</sys_updated_on>
                                <value>com.snc.pa.ui.RenderPerformanceAnalytics</value>
                            </sys_portal_preferences>
                            <sys_portal_preferences action="INSERT_OR_UPDATE">
                                <name>sys_id</name>
                                <portal_section display_value="Created 2014-03-19 05:48:04">37a06761d7231100b96d45a3ce610309</portal_section>
                                <sys_created_by>admin</sys_created_by>
                                <sys_created_on>2014-03-19 12:48:04</sys_created_on>
                                <sys_id>bfa06761d7231100b96d45a3ce610315</sys_id>
                                <sys_mod_count>0</sys_mod_count>
                                <sys_updated_by>admin</sys_updated_by>
                                <sys_updated_on>2014-03-19 12:48:04</sys_updated_on>
                                <value>a3b6ee52d7031100b96d45a3ce6103ba</value>
                            </sys_portal_preferences>
                        </related_items_node>
                    </sys_portal>
                </related_items_node>
                <related_items_node>
                    <sys_portal action="INSERT_OR_UPDATE">
                        <dropzone>dropzone2</dropzone>
                        <offset>2</offset>
                        <page display_value="PA Incident Open">38bbb031d7201100b96d45a3ce610363</page>
                        <summary/>
                        <sys_created_by>admin</sys_created_by>
                        <sys_created_on>2014-03-19 12:48:04</sys_created_on>
                        <sys_id>f7a06761d7231100b96d45a3ce610319</sys_id>
                        <sys_mod_count>0</sys_mod_count>
                        <sys_updated_by>admin</sys_updated_by>
                        <sys_updated_on>2014-03-19 12:48:04</sys_updated_on>
                        <related_items_node>
                            <sys_grid_canvas_pane action="INSERT_OR_UPDATE">
                                <grid_canvas display_value="PA Incident Open">4b38fa26db6e7600d1a9f1351d961969</grid_canvas>
                                <height>10</height>
                                <portal_widget display_value="Created 2014-03-19 05:48:04">f7a06761d7231100b96d45a3ce610319</portal_widget>
                                <posx>6</posx>
                                <posy>21</posy>
                                <sys_class_name>sys_grid_canvas_pane</sys_class_name>
                                <sys_created_by>jc</sys_created_by>
                                <sys_created_on>2017-05-08 20:29:24</sys_created_on>
                                <sys_customer_update>true</sys_customer_update>
                                <sys_id>c738fa26db6e7600d1a9f1351d9619fc</sys_id>
                                <sys_mod_count>2</sys_mod_count>
                                <sys_name>4b38fa26db6e7600d1a9f1351d961969</sys_name>
                                <sys_package display_value="Amazon Echo" source="x_snc_amazon_echo">101eb7da13a21200d0143d622244b063</sys_package>
                                <sys_policy/>
                                <sys_replace_on_upgrade>false</sys_replace_on_upgrade>
                                <sys_scope display_value="Amazon Echo">101eb7da13a21200d0143d622244b063</sys_scope>
                                <sys_update_name>sys_grid_canvas_pane_c738fa26db6e7600d1a9f1351d9619fc</sys_update_name>
                                <sys_updated_by>jc</sys_updated_by>
                                <sys_updated_on>2017-05-08 20:29:29</sys_updated_on>
                                <width>6</width>
                            </sys_grid_canvas_pane>
                        </related_items_node>
                        <related_items_node>
                            <sys_portal_preferences action="INSERT_OR_UPDATE">
                                <name>help_text_window</name>
                                <portal_section display_value="Created 2014-03-19 05:48:04">f7a06761d7231100b96d45a3ce610319</portal_section>
                                <sys_created_by>system</sys_created_by>
                                <sys_created_on>2015-07-06 15:05:08</sys_created_on>
                                <sys_id>0da1cd56d7010200b96d45a3ce61034e</sys_id>
                                <sys_mod_count>0</sys_mod_count>
                                <sys_updated_by>system</sys_updated_by>
                                <sys_updated_on>2015-07-06 15:05:08</sys_updated_on>
                                <value>pa_widget_description</value>
                            </sys_portal_preferences>
                            <sys_portal_preferences action="INSERT_OR_UPDATE">
                                <name>current_page</name>
                                <portal_section display_value="Created 2014-03-19 05:48:04">f7a06761d7231100b96d45a3ce610319</portal_section>
                                <sys_created_by>admin</sys_created_by>
                                <sys_created_on>2014-03-19 12:48:04</sys_created_on>
                                <sys_id>33a06761d7231100b96d45a3ce61031a</sys_id>
                                <sys_mod_count>0</sys_mod_count>
                                <sys_updated_by>admin</sys_updated_by>
                                <sys_updated_on>2014-03-19 12:48:04</sys_updated_on>
                                <value>38bbb031d7201100b96d45a3ce610363</value>
                            </sys_portal_preferences>
                            <sys_portal_preferences action="INSERT_OR_UPDATE">
                                <name>title</name>
                                <portal_section display_value="Created 2014-03-19 05:48:04">f7a06761d7231100b96d45a3ce610319</portal_section>
                                <sys_created_by>admin</sys_created_by>
                                <sys_created_on>2014-03-19 12:48:04</sys_created_on>
                                <sys_id>3ba06761d7231100b96d45a3ce610319</sys_id>
                                <sys_mod_count>0</sys_mod_count>
                                <sys_updated_by>admin</sys_updated_by>
                                <sys_updated_on>2014-03-19 12:48:04</sys_updated_on>
                                <value>Incident backlog growth</value>
                            </sys_portal_preferences>
                            <sys_portal_preferences action="INSERT_OR_UPDATE">
                                <name>type</name>
                                <portal_section display_value="Created 2014-03-19 05:48:04">f7a06761d7231100b96d45a3ce610319</portal_section>
                                <sys_created_by>admin</sys_created_by>
                                <sys_created_on>2014-03-19 12:48:04</sys_created_on>
                                <sys_id>3fa06761d7231100b96d45a3ce610319</sys_id>
                                <sys_mod_count>0</sys_mod_count>
                                <sys_updated_by>admin</sys_updated_by>
                                <sys_updated_on>2014-03-19 12:48:04</sys_updated_on>
                                <value>time</value>
                            </sys_portal_preferences>
                            <sys_portal_preferences action="INSERT_OR_UPDATE">
                                <name>sys_id</name>
                                <portal_section display_value="Created 2014-03-19 05:48:04">f7a06761d7231100b96d45a3ce610319</portal_section>
                                <sys_created_by>admin</sys_created_by>
                                <sys_created_on>2014-03-19 12:48:04</sys_created_on>
                                <sys_id>bba06761d7231100b96d45a3ce610319</sys_id>
                                <sys_mod_count>0</sys_mod_count>
                                <sys_updated_by>admin</sys_updated_by>
                                <sys_updated_on>2014-03-19 12:48:04</sys_updated_on>
                                <value>fbcf9652d7031100b96d45a3ce610387</value>
                            </sys_portal_preferences>
                            <sys_portal_preferences action="INSERT_OR_UPDATE">
                                <name>renderer</name>
                                <portal_section display_value="Created 2014-03-19 05:48:04">f7a06761d7231100b96d45a3ce610319</portal_section>
                                <sys_created_by>admin</sys_created_by>
                                <sys_created_on>2014-03-19 12:48:04</sys_created_on>
                                <sys_id>bfa06761d7231100b96d45a3ce610319</sys_id>
                                <sys_mod_count>0</sys_mod_count>
                                <sys_updated_by>admin</sys_updated_by>
                                <sys_updated_on>2014-03-19 12:48:04</sys_updated_on>
                                <value>com.snc.pa.ui.RenderPerformanceAnalytics</value>
                            </sys_portal_preferences>
                        </related_items_node>
                    </sys_portal>
                </related_items_node>
            </sys_grid_canvas_pane>
            <sys_grid_canvas_pane action="INSERT_OR_UPDATE">
                <grid_canvas display_value="PA Incident Open">4b38fa26db6e7600d1a9f1351d961969</grid_canvas>
                <height>10</height>
                <portal_widget display_value="Created 2014-03-19 05:48:04">f3a06761d7231100b96d45a3ce610317</portal_widget>
                <posx>0</posx>
                <posy>21</posy>
                <sys_class_name>sys_grid_canvas_pane</sys_class_name>
                <sys_created_by>jc</sys_created_by>
                <sys_created_on>2017-05-08 20:29:24</sys_created_on>
                <sys_customer_update>true</sys_customer_update>
                <sys_id>0f38fa26db6e7600d1a9f1351d96196e</sys_id>
                <sys_mod_count>2</sys_mod_count>
                <sys_name>4b38fa26db6e7600d1a9f1351d961969</sys_name>
                <sys_package display_value="Amazon Echo" source="x_snc_amazon_echo">101eb7da13a21200d0143d622244b063</sys_package>
                <sys_policy/>
                <sys_replace_on_upgrade>false</sys_replace_on_upgrade>
                <sys_scope display_value="Amazon Echo">101eb7da13a21200d0143d622244b063</sys_scope>
                <sys_update_name>sys_grid_canvas_pane_0f38fa26db6e7600d1a9f1351d96196e</sys_update_name>
                <sys_updated_by>jc</sys_updated_by>
                <sys_updated_on>2017-05-08 20:29:29</sys_updated_on>
                <width>6</width>
            </sys_grid_canvas_pane>
            <sys_grid_canvas_pane action="INSERT_OR_UPDATE">
                <grid_canvas display_value="PA Incident Open">4b38fa26db6e7600d1a9f1351d961969</grid_canvas>
                <height>11</height>
                <portal_widget display_value="Created 2014-03-19 05:48:04">f7a06761d7231100b96d45a3ce610316</portal_widget>
                <posx>0</posx>
                <posy>10</posy>
                <sys_class_name>sys_grid_canvas_pane</sys_class_name>
                <sys_created_by>jc</sys_created_by>
                <sys_created_on>2017-05-08 20:29:24</sys_created_on>
                <sys_customer_update>true</sys_customer_update>
                <sys_id>8338fa26db6e7600d1a9f1351d96196d</sys_id>
                <sys_mod_count>2</sys_mod_count>
                <sys_name>4b38fa26db6e7600d1a9f1351d961969</sys_name>
                <sys_package display_value="Amazon Echo" source="x_snc_amazon_echo">101eb7da13a21200d0143d622244b063</sys_package>
                <sys_policy/>
                <sys_replace_on_upgrade>false</sys_replace_on_upgrade>
                <sys_scope display_value="Amazon Echo">101eb7da13a21200d0143d622244b063</sys_scope>
                <sys_update_name>sys_grid_canvas_pane_8338fa26db6e7600d1a9f1351d96196d</sys_update_name>
                <sys_updated_by>jc</sys_updated_by>
                <sys_updated_on>2017-05-08 20:29:29</sys_updated_on>
                <width>6</width>
            </sys_grid_canvas_pane>
            <sys_grid_canvas_pane action="INSERT_OR_UPDATE">
                <grid_canvas display_value="PA Incident Open">4b38fa26db6e7600d1a9f1351d961969</grid_canvas>
                <height>10</height>
                <portal_widget display_value="Created 2014-03-19 05:48:04">ffa06761d7231100b96d45a3ce610317</portal_widget>
                <posx>6</posx>
                <posy>0</posy>
                <sys_class_name>sys_grid_canvas_pane</sys_class_name>
                <sys_created_by>jc</sys_created_by>
                <sys_created_on>2017-05-08 20:29:24</sys_created_on>
                <sys_customer_update>true</sys_customer_update>
                <sys_id>8738fa26db6e7600d1a9f1351d961970</sys_id>
                <sys_mod_count>1</sys_mod_count>
                <sys_name>4b38fa26db6e7600d1a9f1351d961969</sys_name>
                <sys_package display_value="Amazon Echo" source="x_snc_amazon_echo">101eb7da13a21200d0143d622244b063</sys_package>
                <sys_policy/>
                <sys_replace_on_upgrade>false</sys_replace_on_upgrade>
                <sys_scope display_value="Amazon Echo">101eb7da13a21200d0143d622244b063</sys_scope>
                <sys_update_name>sys_grid_canvas_pane_8738fa26db6e7600d1a9f1351d961970</sys_update_name>
                <sys_updated_by>jc</sys_updated_by>
                <sys_updated_on>2017-05-08 20:29:26</sys_updated_on>
                <width>6</width>
            </sys_grid_canvas_pane>
            <sys_grid_canvas_pane action="INSERT_OR_UPDATE">
                <grid_canvas display_value="PA Incident Open">4b38fa26db6e7600d1a9f1351d961969</grid_canvas>
                <height>10</height>
                <portal_widget display_value="Created 2014-03-19 05:48:04">37a06761d7231100b96d45a3ce610309</portal_widget>
                <posx>0</posx>
                <posy>0</posy>
                <sys_class_name>sys_grid_canvas_pane</sys_class_name>
                <sys_created_by>jc</sys_created_by>
                <sys_created_on>2017-05-08 20:29:24</sys_created_on>
                <sys_customer_update>true</sys_customer_update>
                <sys_id>c738fa26db6e7600d1a9f1351d96196b</sys_id>
                <sys_mod_count>1</sys_mod_count>
                <sys_name>4b38fa26db6e7600d1a9f1351d961969</sys_name>
                <sys_package display_value="Amazon Echo" source="x_snc_amazon_echo">101eb7da13a21200d0143d622244b063</sys_package>
                <sys_policy/>
                <sys_replace_on_upgrade>false</sys_replace_on_upgrade>
                <sys_scope display_value="Amazon Echo">101eb7da13a21200d0143d622244b063</sys_scope>
                <sys_update_name>sys_grid_canvas_pane_c738fa26db6e7600d1a9f1351d96196b</sys_update_name>
                <sys_updated_by>jc</sys_updated_by>
                <sys_updated_on>2017-05-08 20:29:26</sys_updated_on>
                <width>6</width>
            </sys_grid_canvas_pane>
            <sys_grid_canvas_pane action="INSERT_OR_UPDATE">
                <grid_canvas display_value="PA Incident Open">4b38fa26db6e7600d1a9f1351d961969</grid_canvas>
                <height>10</height>
                <portal_widget display_value="Created 2014-03-19 05:48:04">f7a06761d7231100b96d45a3ce610319</portal_widget>
                <posx>6</posx>
                <posy>21</posy>
                <sys_class_name>sys_grid_canvas_pane</sys_class_name>
                <sys_created_by>jc</sys_created_by>
                <sys_created_on>2017-05-08 20:29:24</sys_created_on>
                <sys_customer_update>true</sys_customer_update>
                <sys_id>c738fa26db6e7600d1a9f1351d9619fc</sys_id>
                <sys_mod_count>2</sys_mod_count>
                <sys_name>4b38fa26db6e7600d1a9f1351d961969</sys_name>
                <sys_package display_value="Amazon Echo" source="x_snc_amazon_echo">101eb7da13a21200d0143d622244b063</sys_package>
                <sys_policy/>
                <sys_replace_on_upgrade>false</sys_replace_on_upgrade>
                <sys_scope display_value="Amazon Echo">101eb7da13a21200d0143d622244b063</sys_scope>
                <sys_update_name>sys_grid_canvas_pane_c738fa26db6e7600d1a9f1351d9619fc</sys_update_name>
                <sys_updated_by>jc</sys_updated_by>
                <sys_updated_on>2017-05-08 20:29:29</sys_updated_on>
                <width>6</width>
            </sys_grid_canvas_pane>
        </related_items_node>
    </sys_grid_canvas>
</record_update>
