<?xml version="1.0" encoding="UTF-8"?>
<record_update table="sys_security_acl_role">
    <sys_security_acl_role action="INSERT_OR_UPDATE">
        <sys_class_name>sys_security_acl_role</sys_class_name>
        <sys_created_by>jc</sys_created_by>
        <sys_created_on>2017-04-16 06:01:34</sys_created_on>
        <sys_customer_update>true</sys_customer_update>
        <sys_id>0cae525fdb0ef60015f2de01ce9619bd</sys_id>
        <sys_mod_count>0</sys_mod_count>
        <sys_name>x_snc_amazon_echo_intent_category.x_snc_amazon_echo.intent_category_user</sys_name>
        <sys_package display_value="Amazon Echo" source="x_snc_amazon_echo">101eb7da13a21200d0143d622244b063</sys_package>
        <sys_policy/>
        <sys_replace_on_upgrade>false</sys_replace_on_upgrade>
        <sys_scope display_value="Amazon Echo">101eb7da13a21200d0143d622244b063</sys_scope>
        <sys_security_acl display_value="x_snc_amazon_echo_intent_category">bb9e525fdb0ef60015f2de01ce9619ae</sys_security_acl>
        <sys_update_name>sys_security_acl_role_0cae525fdb0ef60015f2de01ce9619bd</sys_update_name>
        <sys_updated_by>jc</sys_updated_by>
        <sys_updated_on>2017-04-16 06:01:34</sys_updated_on>
        <sys_user_role display_value="x_snc_amazon_echo.intent_category_user" name="x_snc_amazon_echo.intent_category_user">079e9e1fdb0ef60015f2de01ce9619e8</sys_user_role>
        <transaction_id/>
    </sys_security_acl_role>
</record_update>
