<?xml version="1.0" encoding="UTF-8"?>
<record_update>
    <sys_ui_section caption="Configuration" section_id="6f588a56db0af600d1a9f1351d9619d6" sys_domain="global" table="x_snc_amazon_echo_intent" version="3" view="">
        <sys_ui_element action="INSERT_OR_UPDATE">
            <element>.begin_split</element>
            <position>0</position>
            <sys_created_by>jc</sys_created_by>
            <sys_created_on>2017-04-16 02:08:18</sys_created_on>
            <sys_id>8b396d93dbcaf60015f2de01ce961931</sys_id>
            <sys_mod_count>0</sys_mod_count>
            <sys_ui_formatter/>
            <sys_ui_section caption="Configuration" display_value="Configuration" name="x_snc_amazon_echo_intent" sys_domain="global" view="Default view">6f588a56db0af600d1a9f1351d9619d6</sys_ui_section>
            <sys_updated_by>jc</sys_updated_by>
            <sys_updated_on>2017-04-16 02:08:18</sys_updated_on>
            <sys_user/>
            <type>.begin_split</type>
        </sys_ui_element>
        <sys_ui_element action="INSERT_OR_UPDATE">
            <element>always_available</element>
            <position>1</position>
            <sys_created_by>jc</sys_created_by>
            <sys_created_on>2017-04-16 02:08:18</sys_created_on>
            <sys_id>0f396d93dbcaf60015f2de01ce961931</sys_id>
            <sys_mod_count>0</sys_mod_count>
            <sys_ui_formatter/>
            <sys_ui_section caption="Configuration" display_value="Configuration" name="x_snc_amazon_echo_intent" sys_domain="global" view="Default view">6f588a56db0af600d1a9f1351d9619d6</sys_ui_section>
            <sys_updated_by>jc</sys_updated_by>
            <sys_updated_on>2017-04-16 02:08:18</sys_updated_on>
            <sys_user/>
            <type/>
        </sys_ui_element>
        <sys_ui_element action="INSERT_OR_UPDATE">
            <element>top_level_intent</element>
            <position>2</position>
            <sys_created_by>jc</sys_created_by>
            <sys_created_on>2017-04-16 02:08:18</sys_created_on>
            <sys_id>8f396d93dbcaf60015f2de01ce961931</sys_id>
            <sys_mod_count>0</sys_mod_count>
            <sys_ui_formatter/>
            <sys_ui_section caption="Configuration" display_value="Configuration" name="x_snc_amazon_echo_intent" sys_domain="global" view="Default view">6f588a56db0af600d1a9f1351d9619d6</sys_ui_section>
            <sys_updated_by>jc</sys_updated_by>
            <sys_updated_on>2017-04-16 02:08:18</sys_updated_on>
            <sys_user/>
            <type/>
        </sys_ui_element>
        <sys_ui_element action="INSERT_OR_UPDATE">
            <element>fallback</element>
            <position>3</position>
            <sys_created_by>jc</sys_created_by>
            <sys_created_on>2017-04-16 02:08:18</sys_created_on>
            <sys_id>03396d93dbcaf60015f2de01ce961932</sys_id>
            <sys_mod_count>0</sys_mod_count>
            <sys_ui_formatter/>
            <sys_ui_section caption="Configuration" display_value="Configuration" name="x_snc_amazon_echo_intent" sys_domain="global" view="Default view">6f588a56db0af600d1a9f1351d9619d6</sys_ui_section>
            <sys_updated_by>jc</sys_updated_by>
            <sys_updated_on>2017-04-16 02:08:18</sys_updated_on>
            <sys_user/>
            <type/>
        </sys_ui_element>
        <sys_ui_element action="INSERT_OR_UPDATE">
            <element>.split</element>
            <position>4</position>
            <sys_created_by>jc</sys_created_by>
            <sys_created_on>2017-04-16 02:08:18</sys_created_on>
            <sys_id>83396d93dbcaf60015f2de01ce961932</sys_id>
            <sys_mod_count>0</sys_mod_count>
            <sys_ui_formatter/>
            <sys_ui_section caption="Configuration" display_value="Configuration" name="x_snc_amazon_echo_intent" sys_domain="global" view="Default view">6f588a56db0af600d1a9f1351d9619d6</sys_ui_section>
            <sys_updated_by>jc</sys_updated_by>
            <sys_updated_on>2017-04-16 02:08:18</sys_updated_on>
            <sys_user/>
            <type>.split</type>
        </sys_ui_element>
        <sys_ui_element action="INSERT_OR_UPDATE">
            <element>order</element>
            <position>5</position>
            <sys_created_by>jc</sys_created_by>
            <sys_created_on>2017-04-16 02:08:18</sys_created_on>
            <sys_id>07396d93dbcaf60015f2de01ce961932</sys_id>
            <sys_mod_count>0</sys_mod_count>
            <sys_ui_formatter/>
            <sys_ui_section caption="Configuration" display_value="Configuration" name="x_snc_amazon_echo_intent" sys_domain="global" view="Default view">6f588a56db0af600d1a9f1351d9619d6</sys_ui_section>
            <sys_updated_by>jc</sys_updated_by>
            <sys_updated_on>2017-04-16 02:08:18</sys_updated_on>
            <sys_user/>
            <type/>
        </sys_ui_element>
        <sys_ui_element action="INSERT_OR_UPDATE">
            <element>next_intent</element>
            <position>6</position>
            <sys_created_by>jc</sys_created_by>
            <sys_created_on>2017-04-16 02:08:18</sys_created_on>
            <sys_id>87396d93dbcaf60015f2de01ce961932</sys_id>
            <sys_mod_count>0</sys_mod_count>
            <sys_ui_formatter/>
            <sys_ui_section caption="Configuration" display_value="Configuration" name="x_snc_amazon_echo_intent" sys_domain="global" view="Default view">6f588a56db0af600d1a9f1351d9619d6</sys_ui_section>
            <sys_updated_by>jc</sys_updated_by>
            <sys_updated_on>2017-04-16 02:08:18</sys_updated_on>
            <sys_user/>
            <type/>
        </sys_ui_element>
        <sys_ui_element action="INSERT_OR_UPDATE">
            <element>.end_split</element>
            <position>7</position>
            <sys_created_by>jc</sys_created_by>
            <sys_created_on>2017-04-16 02:08:18</sys_created_on>
            <sys_id>0b396d93dbcaf60015f2de01ce961932</sys_id>
            <sys_mod_count>0</sys_mod_count>
            <sys_ui_formatter/>
            <sys_ui_section caption="Configuration" display_value="Configuration" name="x_snc_amazon_echo_intent" sys_domain="global" view="Default view">6f588a56db0af600d1a9f1351d9619d6</sys_ui_section>
            <sys_updated_by>jc</sys_updated_by>
            <sys_updated_on>2017-04-16 02:08:18</sys_updated_on>
            <sys_user/>
            <type>.end_split</type>
        </sys_ui_element>
        <sys_ui_section action="INSERT_OR_UPDATE">
            <caption>Configuration</caption>
            <header>false</header>
            <name>x_snc_amazon_echo_intent</name>
            <roles/>
            <sys_class_name>sys_ui_section</sys_class_name>
            <sys_created_by>jc</sys_created_by>
            <sys_created_on>2017-04-13 01:50:24</sys_created_on>
            <sys_customer_update>true</sys_customer_update>
            <sys_domain>global</sys_domain>
            <sys_domain_path>/</sys_domain_path>
            <sys_id>6f588a56db0af600d1a9f1351d9619d6</sys_id>
            <sys_mod_count>0</sys_mod_count>
            <sys_name>Configuration</sys_name>
            <sys_overrides/>
            <sys_package display_value="Amazon Echo" source="x_snc_amazon_echo">101eb7da13a21200d0143d622244b063</sys_package>
            <sys_policy/>
            <sys_replace_on_upgrade>false</sys_replace_on_upgrade>
            <sys_scope display_value="Amazon Echo">101eb7da13a21200d0143d622244b063</sys_scope>
            <sys_update_name>sys_ui_section_6f588a56db0af600d1a9f1351d9619d6</sys_update_name>
            <sys_updated_by>jc</sys_updated_by>
            <sys_updated_on>2017-04-13 01:50:24</sys_updated_on>
            <sys_user/>
            <title>false</title>
            <view display_value="Default view" name="NULL">Default view</view>
            <view_name/>
        </sys_ui_section>
    </sys_ui_section>
</record_update>
