<?xml version="1.0" encoding="UTF-8"?>
<record_update sys_domain="global" table="sys_ui_policy">
    <sys_ui_policy action="INSERT_OR_UPDATE">
        <active>true</active>
        <conditions table="x_snc_amazon_echo_utterance">slot_name_1ISNOTEMPTY^slot_type_1ISNOTEMPTY^EQ<item endquery="false" field="slot_name_1" goto="false" newquery="false" operator="ISNOTEMPTY" or="false" value=""/>
            <item endquery="false" field="slot_type_1" goto="false" newquery="false" operator="ISNOTEMPTY" or="false" value=""/>
            <item endquery="true" field="" goto="false" newquery="false" operator="=" or="false" value=""/>
        </conditions>
        <description/>
        <global>true</global>
        <inherit>false</inherit>
        <model_id/>
        <model_table/>
        <on_load>true</on_load>
        <order>100</order>
        <reverse_if_false>true</reverse_if_false>
        <run_scripts>false</run_scripts>
        <script_false><![CDATA[function onCondition() {

}]]></script_false>
        <script_true><![CDATA[function onCondition() {

}]]></script_true>
        <set_values/>
        <short_description>Show 2nd Slot</short_description>
        <sys_class_name>sys_ui_policy</sys_class_name>
        <sys_created_by>jc</sys_created_by>
        <sys_created_on>2017-03-06 00:01:11</sys_created_on>
        <sys_customer_update>true</sys_customer_update>
        <sys_domain>global</sys_domain>
        <sys_domain_path>/</sys_domain_path>
        <sys_id>8ed28e86dbd9b200d1a9f1351d961902</sys_id>
        <sys_mod_count>0</sys_mod_count>
        <sys_name>Show 2nd Slot</sys_name>
        <sys_overrides/>
        <sys_package display_value="Amazon Echo" source="x_snc_amazon_echo">101eb7da13a21200d0143d622244b063</sys_package>
        <sys_policy/>
        <sys_replace_on_upgrade>false</sys_replace_on_upgrade>
        <sys_scope display_value="Amazon Echo">101eb7da13a21200d0143d622244b063</sys_scope>
        <sys_update_name>sys_ui_policy_8ed28e86dbd9b200d1a9f1351d961902</sys_update_name>
        <sys_updated_by>jc</sys_updated_by>
        <sys_updated_on>2017-03-06 00:01:11</sys_updated_on>
        <table>x_snc_amazon_echo_utterance</table>
        <ui_type>0</ui_type>
        <view/>
    </sys_ui_policy>
</record_update>
