<?xml version="1.0" encoding="UTF-8"?>
<record_update table="sys_scope_privilege">
    <sys_scope_privilege action="INSERT_OR_UPDATE">
        <operation>read</operation>
        <source_scope display_value="Amazon Echo">101eb7da13a21200d0143d622244b063</source_scope>
        <status>allowed</status>
        <sys_class_name>sys_scope_privilege</sys_class_name>
        <sys_created_by>guest</sys_created_by>
        <sys_created_on>2017-04-17 22:12:41</sys_created_on>
        <sys_customer_update>true</sys_customer_update>
        <sys_id>c776473bdb0e3a0015f2de01ce961991</sys_id>
        <sys_mod_count>0</sys_mod_count>
        <sys_name>sn_vul_vulnerable_item</sys_name>
        <sys_package display_value="Amazon Echo" source="x_snc_amazon_echo">101eb7da13a21200d0143d622244b063</sys_package>
        <sys_policy/>
        <sys_replace_on_upgrade>false</sys_replace_on_upgrade>
        <sys_scope display_value="Amazon Echo">101eb7da13a21200d0143d622244b063</sys_scope>
        <sys_update_name>sys_scope_privilege_c776473bdb0e3a0015f2de01ce961991</sys_update_name>
        <sys_updated_by>guest</sys_updated_by>
        <sys_updated_on>2017-04-17 22:12:41</sys_updated_on>
        <target_name>sn_vul_vulnerable_item</target_name>
        <target_scope display_value="Vulnerability">054cdcc2ff200200158bffffffffff94</target_scope>
        <target_type>sys_db_object</target_type>
    </sys_scope_privilege>
</record_update>
