<?xml version="1.0" encoding="UTF-8"?>
<record_update table="sys_metadata_link">
    <sys_metadata_link action="INSERT_OR_UPDATE">
        <directory>update</directory>
        <documentkey>bf9f9a5fdb0ef60015f2de01ce961982</documentkey>
        <payload><![CDATA[<?xml version="1.0" encoding="UTF-8"?>
<record_update table="x_snc_amazon_echo_intent_category">
    <x_snc_amazon_echo_intent_category action="INSERT_OR_UPDATE">
        <active>true</active>
        <name>Current Happenings</name>
        <sys_created_by>jc</sys_created_by>
        <sys_created_on>2017-04-16 06:05:55</sys_created_on>
        <sys_id>bf9f9a5fdb0ef60015f2de01ce961982</sys_id>
        <sys_mod_count>0</sys_mod_count>
        <sys_updated_by>jc</sys_updated_by>
        <sys_updated_on>2017-04-16 06:05:55</sys_updated_on>
    </x_snc_amazon_echo_intent_category>
</record_update>
]]></payload>
        <sys_class_name>sys_metadata_link</sys_class_name>
        <sys_created_by>jc</sys_created_by>
        <sys_created_on>2017-05-13 01:50:07</sys_created_on>
        <sys_customer_update>true</sys_customer_update>
        <sys_id>bff7a440db72f60015f2de01ce961973</sys_id>
        <sys_mod_count>0</sys_mod_count>
        <sys_name>Current Happenings</sys_name>
        <sys_package display_value="Amazon Echo" source="x_snc_amazon_echo">101eb7da13a21200d0143d622244b063</sys_package>
        <sys_policy/>
        <sys_replace_on_upgrade>false</sys_replace_on_upgrade>
        <sys_scope display_value="Amazon Echo">101eb7da13a21200d0143d622244b063</sys_scope>
        <sys_update_name>sys_metadata_link_bff7a440db72f60015f2de01ce961973</sys_update_name>
        <sys_updated_by>jc</sys_updated_by>
        <sys_updated_on>2017-05-13 01:50:07</sys_updated_on>
        <tablename>x_snc_amazon_echo_intent_category</tablename>
    </sys_metadata_link>
</record_update>
