<?xml version="1.0" encoding="UTF-8"?>
<record_update table="sys_security_acl">
    <sys_security_acl action="INSERT_OR_UPDATE">
        <active>true</active>
        <admin_overrides>true</admin_overrides>
        <advanced>false</advanced>
        <condition/>
        <description>Default access control on x_snc_amazon_echo_session</description>
        <name>x_snc_amazon_echo_session</name>
        <operation display_value="write">write</operation>
        <script/>
        <sys_class_name>sys_security_acl</sys_class_name>
        <sys_created_by>jc</sys_created_by>
        <sys_created_on>2017-03-06 06:17:36</sys_created_on>
        <sys_customer_update>true</sys_customer_update>
        <sys_id>97195b8edb9db200d1a9f1351d9619b9</sys_id>
        <sys_mod_count>0</sys_mod_count>
        <sys_name>x_snc_amazon_echo_session</sys_name>
        <sys_package display_value="Amazon Echo" source="x_snc_amazon_echo">101eb7da13a21200d0143d622244b063</sys_package>
        <sys_policy/>
        <sys_replace_on_upgrade>false</sys_replace_on_upgrade>
        <sys_scope display_value="Amazon Echo">101eb7da13a21200d0143d622244b063</sys_scope>
        <sys_update_name>sys_security_acl_97195b8edb9db200d1a9f1351d9619b9</sys_update_name>
        <sys_updated_by>jc</sys_updated_by>
        <sys_updated_on>2017-03-06 06:17:36</sys_updated_on>
        <type display_value="record">record</type>
    </sys_security_acl>
</record_update>
