<?xml version="1.0" encoding="UTF-8"?>
<record_update>
    <sys_ui_related sys_domain="global" table="x_snc_amazon_echo_utterance" version="2" view="">
        <sys_ui_related_list_entry action="INSERT_OR_UPDATE">
            <filter/>
            <list_id display_value="IntentOld - Default view" name="x_snc_amazon_echo_utterance" related_list="NULL" sys_domain="global" view="Default view">983fb01d13439600d0143d622244b0d8</list_id>
            <order_by/>
            <position>0</position>
            <related_list>x_snc_amazon_echo_utterance.next</related_list>
            <sys_class_name>sys_ui_related_list_entry</sys_class_name>
            <sys_created_by>jc</sys_created_by>
            <sys_created_on>2016-04-26 18:37:14</sys_created_on>
            <sys_id>5c3fb01d13439600d0143d622244b0d8</sys_id>
            <sys_mod_count>0</sys_mod_count>
            <sys_updated_by>jc</sys_updated_by>
            <sys_updated_on>2016-04-26 18:37:14</sys_updated_on>
        </sys_ui_related_list_entry>
        <sys_ui_related_list action="INSERT_OR_UPDATE">
            <calculated_name>IntentOld - Default view</calculated_name>
            <filter/>
            <name>x_snc_amazon_echo_utterance</name>
            <order_by/>
            <position/>
            <related_list/>
            <sys_class_name>sys_ui_related_list</sys_class_name>
            <sys_created_by>jc</sys_created_by>
            <sys_created_on>2016-04-26 18:37:14</sys_created_on>
            <sys_customer_update>false</sys_customer_update>
            <sys_domain>global</sys_domain>
            <sys_domain_path>/</sys_domain_path>
            <sys_id>983fb01d13439600d0143d622244b0d8</sys_id>
            <sys_mod_count>3</sys_mod_count>
            <sys_name>IntentOld - Default view</sys_name>
            <sys_package display_value="Amazon Echo" source="x_snc_amazon_echo">101eb7da13a21200d0143d622244b063</sys_package>
            <sys_policy/>
            <sys_replace_on_upgrade>false</sys_replace_on_upgrade>
            <sys_scope display_value="Amazon Echo">101eb7da13a21200d0143d622244b063</sys_scope>
            <sys_update_name>sys_ui_related_x_snc_amazon_echo_utterance_null</sys_update_name>
            <sys_updated_by>jc</sys_updated_by>
            <sys_updated_on>2017-05-13 02:02:10</sys_updated_on>
            <sys_user/>
            <view display_value="Default view" name="NULL">Default view</view>
            <view_name/>
        </sys_ui_related_list>
    </sys_ui_related>
</record_update>
