<?xml version="1.0" encoding="UTF-8"?>
<record_update>
    <sys_documentation element="intent_ends_session" label="Intent ends session?" language="en" table="x_snc_amazon_echo_intent">
        <sys_documentation action="INSERT_OR_UPDATE">
            <element>intent_ends_session</element>
            <help/>
            <hint>This intent will end the current session. If "true", the Launch phrase will need to be spoken again to execute the skill and continue the dialog.</hint>
            <label>Intent ends session?</label>
            <language>en</language>
            <name>x_snc_amazon_echo_intent</name>
            <plural>Intent ends session?s</plural>
            <sys_class_name>sys_documentation</sys_class_name>
            <sys_created_by>jc</sys_created_by>
            <sys_created_on>2017-04-13 18:09:27</sys_created_on>
            <sys_customer_update>true</sys_customer_update>
            <sys_id>1178a96adb8ef600d1a9f1351d961990</sys_id>
            <sys_mod_count>2</sys_mod_count>
            <sys_name>Intent ends session?</sys_name>
            <sys_package display_value="Amazon Echo" source="x_snc_amazon_echo">101eb7da13a21200d0143d622244b063</sys_package>
            <sys_policy/>
            <sys_replace_on_upgrade>false</sys_replace_on_upgrade>
            <sys_scope display_value="Amazon Echo">101eb7da13a21200d0143d622244b063</sys_scope>
            <sys_update_name>sys_documentation_x_snc_amazon_echo_intent_intent_ends_session_en</sys_update_name>
            <sys_updated_by>jc</sys_updated_by>
            <sys_updated_on>2017-04-13 18:12:46</sys_updated_on>
            <url/>
            <url_target/>
        </sys_documentation>
    </sys_documentation>
</record_update>
