<?xml version="1.0" encoding="UTF-8"?>
<record_update sys_domain="global" table="sys_app_module">
    <sys_app_module action="INSERT_OR_UPDATE">
        <active>true</active>
        <application display_value="Amazon Echo">80f504bd13fe9200d0143d622244b008</application>
        <assessment/>
        <content_page/>
        <device_type/>
        <filter/>
        <hint/>
        <homepage/>
        <image/>
        <link_type>LIST</link_type>
        <map_page/>
        <mobile_title>Slot Types</mobile_title>
        <mobile_view_name>Mobile</mobile_view_name>
        <name>x_snc_amazon_echo_slot_types</name>
        <order>1300</order>
        <override_menu_roles>false</override_menu_roles>
        <query/>
        <report/>
        <roles>x_snc_amazon_echo.slot_types_user</roles>
        <survey/>
        <survey_overwrite>true</survey_overwrite>
        <sys_class_name>sys_app_module</sys_class_name>
        <sys_created_by>jc</sys_created_by>
        <sys_created_on>2017-03-05 23:39:39</sys_created_on>
        <sys_customer_update>true</sys_customer_update>
        <sys_domain>global</sys_domain>
        <sys_domain_path>/</sys_domain_path>
        <sys_id>7d0eb106dbd9b200d1a9f1351d961909</sys_id>
        <sys_mod_count>4</sys_mod_count>
        <sys_name>Slot Types</sys_name>
        <sys_overrides/>
        <sys_package display_value="Amazon Echo" source="x_snc_amazon_echo">101eb7da13a21200d0143d622244b063</sys_package>
        <sys_policy/>
        <sys_replace_on_upgrade>false</sys_replace_on_upgrade>
        <sys_scope display_value="Amazon Echo">101eb7da13a21200d0143d622244b063</sys_scope>
        <sys_update_name>sys_app_module_7d0eb106dbd9b200d1a9f1351d961909</sys_update_name>
        <sys_updated_by>jc</sys_updated_by>
        <sys_updated_on>2017-03-06 06:23:52</sys_updated_on>
        <timeline_page/>
        <title>Slot Types</title>
        <uncancelable>false</uncancelable>
        <view_name/>
        <window_name/>
    </sys_app_module>
</record_update>
