<?xml version="1.0" encoding="UTF-8"?>
<record_update table="sys_db_object">
    <sys_db_object action="INSERT_OR_UPDATE">
        <access>public</access>
        <actions_access>false</actions_access>
        <alter_access>false</alter_access>
        <client_scripts_access>false</client_scripts_access>
        <configuration_access>false</configuration_access>
        <create_access>false</create_access>
        <create_access_controls>true</create_access_controls>
        <delete_access>false</delete_access>
        <extension_model/>
        <is_extendable>false</is_extendable>
        <label>Intent Category</label>
        <live_feed_enabled>false</live_feed_enabled>
        <name>x_snc_amazon_echo_intent_category</name>
        <number_ref/>
        <provider_class/>
        <read_access>true</read_access>
        <super_class/>
        <sys_class_name>sys_db_object</sys_class_name>
        <sys_created_by>jc</sys_created_by>
        <sys_created_on>2017-04-16 06:01:32</sys_created_on>
        <sys_customer_update>true</sys_customer_update>
        <sys_id>366e125fdb0ef60015f2de01ce961901</sys_id>
        <sys_mod_count>0</sys_mod_count>
        <sys_name>Intent Category</sys_name>
        <sys_package display_value="Amazon Echo" source="x_snc_amazon_echo">101eb7da13a21200d0143d622244b063</sys_package>
        <sys_policy/>
        <sys_replace_on_upgrade>false</sys_replace_on_upgrade>
        <sys_scope display_value="Amazon Echo">101eb7da13a21200d0143d622244b063</sys_scope>
        <sys_update_name>sys_db_object_366e125fdb0ef60015f2de01ce961901</sys_update_name>
        <sys_updated_by>jc</sys_updated_by>
        <sys_updated_on>2017-04-16 06:01:32</sys_updated_on>
        <update_access>false</update_access>
        <user_role display_value="x_snc_amazon_echo.intent_category_user" name="x_snc_amazon_echo.intent_category_user">079e9e1fdb0ef60015f2de01ce9619e8</user_role>
        <ws_access>true</ws_access>
    </sys_db_object>
</record_update>
