<?xml version="1.0" encoding="UTF-8"?>
<record_update>
    <sys_ui_section caption="" section_id="764904fd13fe9200d0143d622244b002" sys_domain="global" table="x_snc_amazon_echo_utterance" version="3" view="">
        <sys_ui_element action="INSERT_OR_UPDATE">
            <element>.begin_split</element>
            <position>0</position>
            <sys_created_by>jc</sys_created_by>
            <sys_created_on>2016-04-18 02:07:43</sys_created_on>
            <sys_id>9bff486a13bad200d0143d622244b030</sys_id>
            <sys_mod_count>0</sys_mod_count>
            <sys_ui_formatter/>
            <sys_ui_section caption="NULL" display_value="" name="x_snc_amazon_echo_utterance" sys_domain="global" view="Default view">764904fd13fe9200d0143d622244b002</sys_ui_section>
            <sys_updated_by>jc</sys_updated_by>
            <sys_updated_on>2016-04-18 02:07:43</sys_updated_on>
            <sys_user/>
            <type>.begin_split</type>
        </sys_ui_element>
        <sys_ui_element action="INSERT_OR_UPDATE">
            <element>name</element>
            <position>1</position>
            <sys_created_by>jc</sys_created_by>
            <sys_created_on>2016-04-18 02:07:43</sys_created_on>
            <sys_id>dbff486a13bad200d0143d622244b030</sys_id>
            <sys_mod_count>0</sys_mod_count>
            <sys_ui_formatter/>
            <sys_ui_section caption="NULL" display_value="" name="x_snc_amazon_echo_utterance" sys_domain="global" view="Default view">764904fd13fe9200d0143d622244b002</sys_ui_section>
            <sys_updated_by>jc</sys_updated_by>
            <sys_updated_on>2016-04-18 02:07:43</sys_updated_on>
            <sys_user/>
            <type/>
        </sys_ui_element>
        <sys_ui_element action="INSERT_OR_UPDATE">
            <element>next</element>
            <position>2</position>
            <sys_created_by>jc</sys_created_by>
            <sys_created_on>2016-04-18 02:07:43</sys_created_on>
            <sys_id>1fff486a13bad200d0143d622244b030</sys_id>
            <sys_mod_count>0</sys_mod_count>
            <sys_ui_formatter/>
            <sys_ui_section caption="NULL" display_value="" name="x_snc_amazon_echo_utterance" sys_domain="global" view="Default view">764904fd13fe9200d0143d622244b002</sys_ui_section>
            <sys_updated_by>jc</sys_updated_by>
            <sys_updated_on>2016-04-18 02:07:43</sys_updated_on>
            <sys_user/>
            <type/>
        </sys_ui_element>
        <sys_ui_element action="INSERT_OR_UPDATE">
            <element>.split</element>
            <position>3</position>
            <sys_created_by>jc</sys_created_by>
            <sys_created_on>2016-04-18 02:07:43</sys_created_on>
            <sys_id>5fff486a13bad200d0143d622244b030</sys_id>
            <sys_mod_count>0</sys_mod_count>
            <sys_ui_formatter/>
            <sys_ui_section caption="NULL" display_value="" name="x_snc_amazon_echo_utterance" sys_domain="global" view="Default view">764904fd13fe9200d0143d622244b002</sys_ui_section>
            <sys_updated_by>jc</sys_updated_by>
            <sys_updated_on>2016-04-18 02:07:43</sys_updated_on>
            <sys_user/>
            <type>.split</type>
        </sys_ui_element>
        <sys_ui_element action="INSERT_OR_UPDATE">
            <element>keyword</element>
            <position>4</position>
            <sys_created_by>jc</sys_created_by>
            <sys_created_on>2016-04-18 02:07:43</sys_created_on>
            <sys_id>9fff486a13bad200d0143d622244b030</sys_id>
            <sys_mod_count>0</sys_mod_count>
            <sys_ui_formatter/>
            <sys_ui_section caption="NULL" display_value="" name="x_snc_amazon_echo_utterance" sys_domain="global" view="Default view">764904fd13fe9200d0143d622244b002</sys_ui_section>
            <sys_updated_by>jc</sys_updated_by>
            <sys_updated_on>2016-04-18 02:07:43</sys_updated_on>
            <sys_user/>
            <type/>
        </sys_ui_element>
        <sys_ui_element action="INSERT_OR_UPDATE">
            <element>.end_split</element>
            <position>5</position>
            <sys_created_by>jc</sys_created_by>
            <sys_created_on>2016-04-18 02:07:43</sys_created_on>
            <sys_id>dfff486a13bad200d0143d622244b030</sys_id>
            <sys_mod_count>0</sys_mod_count>
            <sys_ui_formatter/>
            <sys_ui_section caption="NULL" display_value="" name="x_snc_amazon_echo_utterance" sys_domain="global" view="Default view">764904fd13fe9200d0143d622244b002</sys_ui_section>
            <sys_updated_by>jc</sys_updated_by>
            <sys_updated_on>2016-04-18 02:07:43</sys_updated_on>
            <sys_user/>
            <type>.end_split</type>
        </sys_ui_element>
        <sys_ui_element action="INSERT_OR_UPDATE">
            <element>script</element>
            <position>6</position>
            <sys_created_by>jc</sys_created_by>
            <sys_created_on>2016-04-18 02:07:43</sys_created_on>
            <sys_id>13ff486a13bad200d0143d622244b031</sys_id>
            <sys_mod_count>0</sys_mod_count>
            <sys_ui_formatter/>
            <sys_ui_section caption="NULL" display_value="" name="x_snc_amazon_echo_utterance" sys_domain="global" view="Default view">764904fd13fe9200d0143d622244b002</sys_ui_section>
            <sys_updated_by>jc</sys_updated_by>
            <sys_updated_on>2016-04-18 02:07:43</sys_updated_on>
            <sys_user/>
            <type/>
        </sys_ui_element>
        <sys_ui_element action="INSERT_OR_UPDATE">
            <element>active</element>
            <position>7</position>
            <sys_created_by>jc</sys_created_by>
            <sys_created_on>2016-04-18 02:07:43</sys_created_on>
            <sys_id>53ff486a13bad200d0143d622244b031</sys_id>
            <sys_mod_count>0</sys_mod_count>
            <sys_ui_formatter/>
            <sys_ui_section caption="NULL" display_value="" name="x_snc_amazon_echo_utterance" sys_domain="global" view="Default view">764904fd13fe9200d0143d622244b002</sys_ui_section>
            <sys_updated_by>jc</sys_updated_by>
            <sys_updated_on>2016-04-18 02:07:43</sys_updated_on>
            <sys_user/>
            <type/>
        </sys_ui_element>
        <sys_ui_section action="INSERT_OR_UPDATE">
            <caption/>
            <header>false</header>
            <name>x_snc_amazon_echo_utterance</name>
            <roles/>
            <sys_class_name>sys_ui_section</sys_class_name>
            <sys_created_by>jc</sys_created_by>
            <sys_created_on>2016-04-15 17:43:01</sys_created_on>
            <sys_customer_update>true</sys_customer_update>
            <sys_domain>global</sys_domain>
            <sys_domain_path>/</sys_domain_path>
            <sys_id>764904fd13fe9200d0143d622244b002</sys_id>
            <sys_mod_count>0</sys_mod_count>
            <sys_name>x_snc_amazon_echo_utterance</sys_name>
            <sys_overrides/>
            <sys_package display_value="Amazon Echo" source="x_snc_amazon_echo">101eb7da13a21200d0143d622244b063</sys_package>
            <sys_policy/>
            <sys_replace_on_upgrade>false</sys_replace_on_upgrade>
            <sys_scope display_value="Amazon Echo">101eb7da13a21200d0143d622244b063</sys_scope>
            <sys_update_name>sys_ui_section_764904fd13fe9200d0143d622244b002</sys_update_name>
            <sys_updated_by>jc</sys_updated_by>
            <sys_updated_on>2016-04-15 17:43:01</sys_updated_on>
            <sys_user/>
            <title>true</title>
            <view display_value="Default view" name="NULL">Default view</view>
            <view_name/>
        </sys_ui_section>
    </sys_ui_section>
</record_update>
