<?xml version="1.0" encoding="UTF-8"?>
<record_update sys_domain="global" table="sys_app_module">
    <sys_app_module action="INSERT_OR_UPDATE">
        <active>true</active>
        <application display_value="Amazon Echo">80f504bd13fe9200d0143d622244b008</application>
        <assessment/>
        <content_page/>
        <device_type/>
        <filter table="x_snc_amazon_echo_intent">active=true^EQ<item endquery="false" field="active" goto="false" newquery="false" operator="=" or="false" value="true"/>
            <item endquery="true" field="" goto="false" newquery="false" operator="=" or="false" value=""/>
        </filter>
        <hint/>
        <homepage/>
        <image/>
        <link_type>LIST</link_type>
        <map_page/>
        <mobile_title>Intents</mobile_title>
        <mobile_view_name>Mobile</mobile_view_name>
        <name>x_snc_amazon_echo_intent</name>
        <order>110</order>
        <override_menu_roles>false</override_menu_roles>
        <query/>
        <report/>
        <roles>x_snc_amazon_echo.intent_user</roles>
        <survey/>
        <survey_overwrite>true</survey_overwrite>
        <sys_class_name>sys_app_module</sys_class_name>
        <sys_created_by>jc</sys_created_by>
        <sys_created_on>2017-04-13 20:03:38</sys_created_on>
        <sys_customer_update>true</sys_customer_update>
        <sys_domain>global</sys_domain>
        <sys_domain_path>/</sys_domain_path>
        <sys_id>39924666dbcef600d1a9f1351d96199e</sys_id>
        <sys_mod_count>0</sys_mod_count>
        <sys_name>Active Intents</sys_name>
        <sys_overrides/>
        <sys_package display_value="Amazon Echo" source="x_snc_amazon_echo">101eb7da13a21200d0143d622244b063</sys_package>
        <sys_policy/>
        <sys_replace_on_upgrade>false</sys_replace_on_upgrade>
        <sys_scope display_value="Amazon Echo">101eb7da13a21200d0143d622244b063</sys_scope>
        <sys_update_name>sys_app_module_39924666dbcef600d1a9f1351d96199e</sys_update_name>
        <sys_updated_by>jc</sys_updated_by>
        <sys_updated_on>2017-04-13 20:03:38</sys_updated_on>
        <timeline_page/>
        <title>Active Intents</title>
        <uncancelable>false</uncancelable>
        <view_name/>
        <window_name/>
    </sys_app_module>
</record_update>
