<?xml version="1.0" encoding="UTF-8"?>
<record_update>
    <sys_ui_form_sections form_id="aa6ee24adb5db200d1a9f1351d9619e1" sys_domain="global" table="x_snc_amazon_echo_intent" version="3">
        <sys_ui_form_section action="INSERT_OR_UPDATE">
            <position>0</position>
            <sys_created_by>jc</sys_created_by>
            <sys_created_on>2017-03-06 03:11:03</sys_created_on>
            <sys_domain>global</sys_domain>
            <sys_domain_path>/</sys_domain_path>
            <sys_id>666ee24adb5db200d1a9f1351d9619e2</sys_id>
            <sys_mod_count>0</sys_mod_count>
            <sys_overrides/>
            <sys_ui_form display_value="x_snc_amazon_echo_intent" name="x_snc_amazon_echo_intent" sys_domain="global" view="Default view">aa6ee24adb5db200d1a9f1351d9619e1</sys_ui_form>
            <sys_ui_section caption="NULL" display_value="" name="x_snc_amazon_echo_intent" sys_domain="global" view="Default view">f81ba2c6db5db200d1a9f1351d961948</sys_ui_section>
            <sys_updated_by>jc</sys_updated_by>
            <sys_updated_on>2017-03-06 03:11:03</sys_updated_on>
        </sys_ui_form_section>
        <sys_ui_form_section action="INSERT_OR_UPDATE">
            <position>1</position>
            <sys_created_by>jc</sys_created_by>
            <sys_created_on>2017-03-06 03:11:03</sys_created_on>
            <sys_domain>global</sys_domain>
            <sys_domain_path>/</sys_domain_path>
            <sys_id>226ee24adb5db200d1a9f1351d9619e4</sys_id>
            <sys_mod_count>0</sys_mod_count>
            <sys_overrides/>
            <sys_ui_form display_value="x_snc_amazon_echo_intent" name="x_snc_amazon_echo_intent" sys_domain="global" view="Default view">aa6ee24adb5db200d1a9f1351d9619e1</sys_ui_form>
            <sys_ui_section caption="Data" display_value="Data" name="x_snc_amazon_echo_intent" sys_domain="global" view="Default view">ae6ee24adb5db200d1a9f1351d9619e2</sys_ui_section>
            <sys_updated_by>jc</sys_updated_by>
            <sys_updated_on>2017-03-06 03:11:03</sys_updated_on>
        </sys_ui_form_section>
        <sys_ui_form_section action="INSERT_OR_UPDATE">
            <position>2</position>
            <sys_created_by>jc</sys_created_by>
            <sys_created_on>2017-04-13 01:50:24</sys_created_on>
            <sys_domain>global</sys_domain>
            <sys_domain_path>/</sys_domain_path>
            <sys_id>bb58c296db0af600d1a9f1351d961902</sys_id>
            <sys_mod_count>0</sys_mod_count>
            <sys_overrides/>
            <sys_ui_form display_value="x_snc_amazon_echo_intent" name="x_snc_amazon_echo_intent" sys_domain="global" view="Default view">aa6ee24adb5db200d1a9f1351d9619e1</sys_ui_form>
            <sys_ui_section caption="Configuration" display_value="Configuration" name="x_snc_amazon_echo_intent" sys_domain="global" view="Default view">6f588a56db0af600d1a9f1351d9619d6</sys_ui_section>
            <sys_updated_by>jc</sys_updated_by>
            <sys_updated_on>2017-04-13 01:50:24</sys_updated_on>
        </sys_ui_form_section>
        <sys_ui_form action="INSERT_OR_UPDATE">
            <name>x_snc_amazon_echo_intent</name>
            <roles/>
            <sys_class_name>sys_ui_form</sys_class_name>
            <sys_created_by>jc</sys_created_by>
            <sys_created_on>2017-03-06 03:11:03</sys_created_on>
            <sys_customer_update>false</sys_customer_update>
            <sys_domain>global</sys_domain>
            <sys_domain_path>/</sys_domain_path>
            <sys_id>aa6ee24adb5db200d1a9f1351d9619e1</sys_id>
            <sys_mod_count>7</sys_mod_count>
            <sys_name>x_snc_amazon_echo_intent</sys_name>
            <sys_overrides/>
            <sys_package display_value="Amazon Echo" source="x_snc_amazon_echo">101eb7da13a21200d0143d622244b063</sys_package>
            <sys_policy/>
            <sys_replace_on_upgrade>false</sys_replace_on_upgrade>
            <sys_scope display_value="Amazon Echo">101eb7da13a21200d0143d622244b063</sys_scope>
            <sys_update_name>sys_ui_form_sections_aa6ee24adb5db200d1a9f1351d9619e1</sys_update_name>
            <sys_updated_by>jc</sys_updated_by>
            <sys_updated_on>2017-05-13 02:02:11</sys_updated_on>
            <sys_user/>
            <view display_value="Default view" name="NULL">Default view</view>
            <view_name/>
        </sys_ui_form>
    </sys_ui_form_sections>
</record_update>
