<?xml version="1.0" encoding="UTF-8"?>
<record_update table="sys_grid_canvas_pane">
    <sys_grid_canvas_pane action="INSERT_OR_UPDATE">
        <grid_canvas display_value="PA Incident Overview">52a7fae2db6e7600d1a9f1351d96197e</grid_canvas>
        <height>10</height>
        <portal_widget display_value="Created 2014-03-19 05:39:53">b3ce5361d7231100b96d45a3ce61034a</portal_widget>
        <posx>0</posx>
        <posy>21</posy>
        <sys_class_name>sys_grid_canvas_pane</sys_class_name>
        <sys_created_by>jc</sys_created_by>
        <sys_created_on>2017-05-08 20:26:54</sys_created_on>
        <sys_customer_update>true</sys_customer_update>
        <sys_id>d2a7fae2db6e7600d1a9f1351d961984</sys_id>
        <sys_mod_count>2</sys_mod_count>
        <sys_name>52a7fae2db6e7600d1a9f1351d96197e</sys_name>
        <sys_package display_value="Amazon Echo" source="x_snc_amazon_echo">101eb7da13a21200d0143d622244b063</sys_package>
        <sys_policy/>
        <sys_replace_on_upgrade>false</sys_replace_on_upgrade>
        <sys_scope display_value="Amazon Echo">101eb7da13a21200d0143d622244b063</sys_scope>
        <sys_update_name>sys_grid_canvas_pane_d2a7fae2db6e7600d1a9f1351d961984</sys_update_name>
        <sys_updated_by>jc</sys_updated_by>
        <sys_updated_on>2017-05-08 20:27:02</sys_updated_on>
        <width>6</width>
    </sys_grid_canvas_pane>
</record_update>
