<?xml version="1.0" encoding="UTF-8"?>
<record_update table="sys_metadata_link">
    <sys_metadata_link action="INSERT_OR_UPDATE">
        <directory>update</directory>
        <documentkey>209eca17db0ef60015f2de01ce961969</documentkey>
        <payload><![CDATA[<?xml version="1.0" encoding="UTF-8"?>
<record_update table="x_snc_amazon_echo_phrases">
    <x_snc_amazon_echo_phrases action="INSERT_OR_UPDATE">
        <active>true</active>
        <intent display_value="Hear Critical Security Incidents">18ca4a53db0ef60015f2de01ce9619e8</intent>
        <phrase>Critical security incidents</phrase>
        <primary>false</primary>
        <sys_created_by>jc</sys_created_by>
        <sys_created_on>2017-04-16 04:51:33</sys_created_on>
        <sys_id>209eca17db0ef60015f2de01ce961969</sys_id>
        <sys_mod_count>0</sys_mod_count>
        <sys_updated_by>jc</sys_updated_by>
        <sys_updated_on>2017-04-16 04:51:33</sys_updated_on>
    </x_snc_amazon_echo_phrases>
</record_update>
]]></payload>
        <sys_class_name>sys_metadata_link</sys_class_name>
        <sys_created_by>jc</sys_created_by>
        <sys_created_on>2017-05-13 01:48:47</sys_created_on>
        <sys_customer_update>true</sys_customer_update>
        <sys_id>14b7e040db72f60015f2de01ce96191e</sys_id>
        <sys_mod_count>0</sys_mod_count>
        <sys_name>Critical security incidents</sys_name>
        <sys_package display_value="Amazon Echo" source="x_snc_amazon_echo">101eb7da13a21200d0143d622244b063</sys_package>
        <sys_policy/>
        <sys_replace_on_upgrade>false</sys_replace_on_upgrade>
        <sys_scope display_value="Amazon Echo">101eb7da13a21200d0143d622244b063</sys_scope>
        <sys_update_name>sys_metadata_link_14b7e040db72f60015f2de01ce96191e</sys_update_name>
        <sys_updated_by>jc</sys_updated_by>
        <sys_updated_on>2017-05-13 01:48:47</sys_updated_on>
        <tablename>x_snc_amazon_echo_phrases</tablename>
    </sys_metadata_link>
</record_update>
