<?xml version="1.0" encoding="UTF-8"?>
<record_update table="sys_metadata_link">
    <sys_metadata_link action="INSERT_OR_UPDATE">
        <directory>update</directory>
        <documentkey>54cdae0adb5db200d1a9f1351d9619d1</documentkey>
        <payload>&lt;?xml version="1.0" encoding="UTF-8"?&gt;
&lt;record_update table="x_snc_amazon_echo_intent"&gt;
    &lt;x_snc_amazon_echo_intent action="INSERT_OR_UPDATE"&gt;
        &lt;active&gt;true&lt;/active&gt;
        &lt;always_available&gt;false&lt;/always_available&gt;
        &lt;category/&gt;
        &lt;fallback&gt;false&lt;/fallback&gt;
        &lt;intent_ends_session&gt;false&lt;/intent_ends_session&gt;
        &lt;keyword&gt;WhatsHappeningIncidents&lt;/keyword&gt;
        &lt;name&gt;What's happening? (P1 Incidents)&lt;/name&gt;
        &lt;next_intent/&gt;
        &lt;order/&gt;
        &lt;output_speech_format/&gt;
        &lt;reprompt_speech_format/&gt;
        &lt;script&gt;&lt;![CDATA[(function(content, attributes, erb){
	var introMessage = "Here is a list of today's Priority One Incidents: ";
	var outroMessage = '';
	var msg = '';
	
	var inc = new GlideRecord('incident');
	inc.addEncodedQuery('active=true^priority=1');
	inc.query();
	
	while (inc.next()){		
		var updatedArr = inc.sys_updated_on.getDisplayValue().split(" ");
		var updatedDate = updatedArr[0];
		var updatedTime = updatedArr[1].split(":");
		updatedTime = updatedTime[0] + ":" + updatedTime[1];
		
		var num = inc.number.toString();
		var numS = num.slice(-7);		
		
		var incNum = "&lt;say-as interpret-as='spell-out'&gt;" + "INC" + "&lt;/say-as&gt; &lt;say-as interpret-as='digits'&gt;" + numS + "&lt;/say-as&gt;";	
		
		introMessage += "Incident " + incNum + (inc.cmdb_ci != '' ? (" is currently impacting the " + inc.cmdb_ci.getDisplayValue() + " configuration item. ") : (" does not yet have a CI associated with it. "));
		introMessage += "The description of this incident is: " + inc.short_description + ". ";
		introMessage += "The current status of this incident is: " + inc.state.getDisplayValue() + ". ";
		introMessage += "This incident was last updated on " + updatedDate + " at " + updatedTime + ". ";
		
	}
	
	outroMessage += "To hear the list of incidents again, say 'hear incidents'. To go back to the status for today, say 'What's happening today'.";
	
	msg = "&lt;speak&gt;" + introMessage + outroMessage + "&lt;/speak&gt;";
	
	erb.setOutputSpeech("SSML", "", msg);
	//erb.setReprompt("SSML", "", "&lt;speak&gt;" + outroMessage + "&lt;/speak&gt;");
	erb.setEnd(false);
	
	result = erb.getResponse();
	
})(content, attributes, new EchoResponseBuilder());]]&gt;&lt;/script&gt;
        &lt;slot_name_1/&gt;
        &lt;slot_name_2/&gt;
        &lt;slot_name_3/&gt;
        &lt;slot_type_1/&gt;
        &lt;slot_type_2/&gt;
        &lt;slot_type_3/&gt;
        &lt;sys_created_by&gt;jc&lt;/sys_created_by&gt;
        &lt;sys_created_on&gt;2017-03-06 03:08:49&lt;/sys_created_on&gt;
        &lt;sys_id&gt;54cdae0adb5db200d1a9f1351d9619d1&lt;/sys_id&gt;
        &lt;sys_mod_count&gt;2&lt;/sys_mod_count&gt;
        &lt;sys_updated_by&gt;jc&lt;/sys_updated_by&gt;
        &lt;sys_updated_on&gt;2017-03-06 03:53:06&lt;/sys_updated_on&gt;
        &lt;top_level_intent&gt;false&lt;/top_level_intent&gt;
    &lt;/x_snc_amazon_echo_intent&gt;
&lt;/record_update&gt;
</payload>
        <sys_class_name>sys_metadata_link</sys_class_name>
        <sys_created_by>jc</sys_created_by>
        <sys_created_on>2017-05-13 01:47:39</sys_created_on>
        <sys_customer_update>true</sys_customer_update>
        <sys_id>7367ec00db72f60015f2de01ce9619b8</sys_id>
        <sys_mod_count>0</sys_mod_count>
        <sys_name>What's happening? (P1 Incidents)</sys_name>
        <sys_package display_value="Amazon Echo" source="x_snc_amazon_echo">101eb7da13a21200d0143d622244b063</sys_package>
        <sys_policy/>
        <sys_replace_on_upgrade>false</sys_replace_on_upgrade>
        <sys_scope display_value="Amazon Echo">101eb7da13a21200d0143d622244b063</sys_scope>
        <sys_update_name>sys_metadata_link_7367ec00db72f60015f2de01ce9619b8</sys_update_name>
        <sys_updated_by>jc</sys_updated_by>
        <sys_updated_on>2017-05-13 01:47:39</sys_updated_on>
        <tablename>x_snc_amazon_echo_intent</tablename>
    </sys_metadata_link>
</record_update>
