<?xml version="1.0" encoding="UTF-8"?>
<record_update sys_domain="global" table="sys_app_module">
    <sys_app_module action="INSERT_OR_UPDATE">
        <active>true</active>
        <application display_value="Amazon Echo">80f504bd13fe9200d0143d622244b008</application>
        <assessment/>
        <content_page/>
        <device_type/>
        <filter table="sys_script_include">sys_scope=101eb7da13a21200d0143d622244b063^EQ<item display_table="sys_scope" display_value="Amazon Echo" endquery="false" field="sys_scope" goto="false" newquery="false" operator="=" or="false" value="101eb7da13a21200d0143d622244b063"/>
            <item endquery="true" field="" goto="false" newquery="false" operator="=" or="false" value=""/>
        </filter>
        <hint/>
        <homepage/>
        <image/>
        <link_type>LIST</link_type>
        <map_page/>
        <mobile_title>Script Includes</mobile_title>
        <mobile_view_name>Mobile</mobile_view_name>
        <name>sys_script_include</name>
        <order>1200</order>
        <override_menu_roles>false</override_menu_roles>
        <query/>
        <report/>
        <roles/>
        <survey/>
        <survey_overwrite>true</survey_overwrite>
        <sys_class_name>sys_app_module</sys_class_name>
        <sys_created_by>jc</sys_created_by>
        <sys_created_on>2016-04-26 15:15:49</sys_created_on>
        <sys_customer_update>true</sys_customer_update>
        <sys_domain>global</sys_domain>
        <sys_domain_path>/</sys_domain_path>
        <sys_id>cc01585113439600d0143d622244b0ea</sys_id>
        <sys_mod_count>0</sys_mod_count>
        <sys_name>Script Includes</sys_name>
        <sys_overrides/>
        <sys_package display_value="Amazon Echo" source="x_snc_amazon_echo">101eb7da13a21200d0143d622244b063</sys_package>
        <sys_policy/>
        <sys_replace_on_upgrade>false</sys_replace_on_upgrade>
        <sys_scope display_value="Amazon Echo">101eb7da13a21200d0143d622244b063</sys_scope>
        <sys_update_name>sys_app_module_cc01585113439600d0143d622244b0ea</sys_update_name>
        <sys_updated_by>jc</sys_updated_by>
        <sys_updated_on>2016-04-26 15:15:49</sys_updated_on>
        <timeline_page/>
        <title>Script Includes</title>
        <uncancelable>false</uncancelable>
        <view_name/>
        <window_name/>
    </sys_app_module>
</record_update>
