<?xml version="1.0" encoding="UTF-8"?>
<record_update table="sys_gauge">
    <sys_gauge action="INSERT_OR_UPDATE">
        <active>true</active>
        <aggregate>COUNT</aggregate>
        <attributes/>
        <fieldname/>
        <group_field/>
        <lower_limit/>
        <name>Incidents opened by Alexa</name>
        <order/>
        <other_threshold>-2</other_threshold>
        <parent/>
        <query/>
        <report display_value="Incidents opened by Alexa">48ffe15913839600d0143d622244b0d8</report>
        <roles/>
        <stack_field/>
        <sys_class_name>sys_gauge</sys_class_name>
        <sys_created_by>jc</sys_created_by>
        <sys_created_on>2016-04-26 22:10:20</sys_created_on>
        <sys_customer_update>true</sys_customer_update>
        <sys_id>b1ffe15913839600d0143d622244b04f</sys_id>
        <sys_mod_count>0</sys_mod_count>
        <sys_name>Incidents opened by Alexa</sys_name>
        <sys_package display_value="Amazon Echo" source="x_snc_amazon_echo">101eb7da13a21200d0143d622244b063</sys_package>
        <sys_policy/>
        <sys_replace_on_upgrade>false</sys_replace_on_upgrade>
        <sys_scope display_value="Amazon Echo">101eb7da13a21200d0143d622244b063</sys_scope>
        <sys_update_name>sys_gauge_b1ffe15913839600d0143d622244b04f</sys_update_name>
        <sys_updated_by>jc</sys_updated_by>
        <sys_updated_on>2016-04-26 22:10:20</sys_updated_on>
        <tablename>incident</tablename>
        <title>Incidents opened by Alexa</title>
        <type>report</type>
        <upper_limit/>
        <url/>
        <view/>
    </sys_gauge>
</record_update>
