<?xml version="1.0" encoding="UTF-8"?>
<record_update>
    <sys_ui_section caption="" section_id="f6a3fee4db61f600d1a9f1351d9619cd" sys_domain="global" table="x_snc_amazon_echo_session" version="3" view="">
        <sys_ui_element action="INSERT_OR_UPDATE">
            <element>sys_created_on</element>
            <position>0</position>
            <sys_created_by>jc</sys_created_by>
            <sys_created_on>2017-03-13 21:59:44</sys_created_on>
            <sys_id>00e3fee4db61f600d1a9f1351d9619e3</sys_id>
            <sys_mod_count>0</sys_mod_count>
            <sys_ui_formatter/>
            <sys_ui_section caption="NULL" display_value="" name="x_snc_amazon_echo_session" sys_domain="global" view="Default view">f6a3fee4db61f600d1a9f1351d9619cd</sys_ui_section>
            <sys_updated_by>jc</sys_updated_by>
            <sys_updated_on>2017-03-13 21:59:44</sys_updated_on>
            <sys_user/>
            <type/>
        </sys_ui_element>
        <sys_ui_element action="INSERT_OR_UPDATE">
            <element>session_id</element>
            <position>1</position>
            <sys_created_by>jc</sys_created_by>
            <sys_created_on>2017-03-13 23:35:24</sys_created_on>
            <sys_id>25c90f60dba1f600d1a9f1351d9619e4</sys_id>
            <sys_mod_count>0</sys_mod_count>
            <sys_ui_formatter/>
            <sys_ui_section caption="NULL" display_value="" name="x_snc_amazon_echo_session" sys_domain="global" view="Default view">f6a3fee4db61f600d1a9f1351d9619cd</sys_ui_section>
            <sys_updated_by>jc</sys_updated_by>
            <sys_updated_on>2017-03-13 23:35:24</sys_updated_on>
            <sys_user/>
            <type/>
        </sys_ui_element>
        <sys_ui_section action="INSERT_OR_UPDATE">
            <caption/>
            <header>false</header>
            <name>x_snc_amazon_echo_session</name>
            <roles/>
            <sys_class_name>sys_ui_section</sys_class_name>
            <sys_created_by>jc</sys_created_by>
            <sys_created_on>2017-03-13 21:58:49</sys_created_on>
            <sys_customer_update>true</sys_customer_update>
            <sys_domain>global</sys_domain>
            <sys_domain_path>/</sys_domain_path>
            <sys_id>f6a3fee4db61f600d1a9f1351d9619cd</sys_id>
            <sys_mod_count>0</sys_mod_count>
            <sys_name>x_snc_amazon_echo_session</sys_name>
            <sys_overrides/>
            <sys_package display_value="Amazon Echo" source="x_snc_amazon_echo">101eb7da13a21200d0143d622244b063</sys_package>
            <sys_policy/>
            <sys_replace_on_upgrade>false</sys_replace_on_upgrade>
            <sys_scope display_value="Amazon Echo">101eb7da13a21200d0143d622244b063</sys_scope>
            <sys_update_name>sys_ui_section_f6a3fee4db61f600d1a9f1351d9619cd</sys_update_name>
            <sys_updated_by>jc</sys_updated_by>
            <sys_updated_on>2017-03-13 21:58:49</sys_updated_on>
            <sys_user/>
            <title>true</title>
            <view display_value="Default view" name="NULL">Default view</view>
            <view_name/>
        </sys_ui_section>
    </sys_ui_section>
</record_update>
