<?xml version="1.0" encoding="UTF-8"?>
<record_update>
    <sys_documentation element="top_level_intent" label="Top-level Intent" language="en" table="x_snc_amazon_echo_intent">
        <sys_documentation action="INSERT_OR_UPDATE">
            <element>top_level_intent</element>
            <help/>
            <hint>(Optional) Intents can be flagged as top-level to allow for reading off a list of commands, such as with a Help command.</hint>
            <label>Top-level Intent</label>
            <language>en</language>
            <name>x_snc_amazon_echo_intent</name>
            <plural>Top-level Intents</plural>
            <sys_class_name>sys_documentation</sys_class_name>
            <sys_created_by>jc</sys_created_by>
            <sys_created_on>2017-04-13 01:51:09</sys_created_on>
            <sys_customer_update>true</sys_customer_update>
            <sys_id>fa880696db0af600d1a9f1351d96193d</sys_id>
            <sys_mod_count>1</sys_mod_count>
            <sys_name>Top-level Intent</sys_name>
            <sys_package display_value="Amazon Echo" source="x_snc_amazon_echo">101eb7da13a21200d0143d622244b063</sys_package>
            <sys_policy/>
            <sys_replace_on_upgrade>false</sys_replace_on_upgrade>
            <sys_scope display_value="Amazon Echo">101eb7da13a21200d0143d622244b063</sys_scope>
            <sys_update_name>sys_documentation_x_snc_amazon_echo_intent_top_level_intent_en</sys_update_name>
            <sys_updated_by>jc</sys_updated_by>
            <sys_updated_on>2017-04-13 01:53:44</sys_updated_on>
            <url/>
            <url_target/>
        </sys_documentation>
    </sys_documentation>
</record_update>
