<?xml version="1.0" encoding="UTF-8"?>
<record_update sys_domain="global" table="sys_ui_module">
    <sys_ui_module action="INSERT_OR_UPDATE">
        <active>true</active>
        <application display_value="Amazon Echo">f3e70cbd13fe9200d0143d622244b02b</application>
        <filter/>
        <name>Intents</name>
        <order/>
        <path/>
        <path_relative_to_root>false</path_relative_to_root>
        <roles>x_snc_amazon_echo.intent_user</roles>
        <sys_class_name>sys_ui_module</sys_class_name>
        <sys_created_by>jc</sys_created_by>
        <sys_created_on>2017-03-06 02:55:38</sys_created_on>
        <sys_customer_update>true</sys_customer_update>
        <sys_domain>global</sys_domain>
        <sys_domain_path>/</sys_domain_path>
        <sys_id>28ea62c6db5db200d1a9f1351d961946</sys_id>
        <sys_mod_count>0</sys_mod_count>
        <sys_name>Intents</sys_name>
        <sys_package display_value="Amazon Echo" source="x_snc_amazon_echo">101eb7da13a21200d0143d622244b063</sys_package>
        <sys_policy/>
        <sys_replace_on_upgrade>false</sys_replace_on_upgrade>
        <sys_scope display_value="Amazon Echo">101eb7da13a21200d0143d622244b063</sys_scope>
        <sys_update_name>sys_ui_module_28ea62c6db5db200d1a9f1351d961946</sys_update_name>
        <sys_updated_by>jc</sys_updated_by>
        <sys_updated_on>2017-03-06 02:55:38</sys_updated_on>
        <table>x_snc_amazon_echo_intent</table>
        <uncancelable>false</uncancelable>
        <view_name/>
    </sys_ui_module>
</record_update>
