<?xml version="1.0" encoding="UTF-8"?>
<record_update>
    <sys_ui_section caption="" section_id="9dbeb106dbd9b200d1a9f1351d961979" sys_domain="global" table="x_snc_amazon_echo_slot_types" version="3" view="">
        <sys_ui_element action="INSERT_OR_UPDATE">
            <element>.begin_split</element>
            <position>0</position>
            <sys_created_by>jc</sys_created_by>
            <sys_created_on>2017-03-05 23:42:37</sys_created_on>
            <sys_id>95bef506dbd9b200d1a9f1351d961989</sys_id>
            <sys_mod_count>0</sys_mod_count>
            <sys_ui_formatter/>
            <sys_ui_section caption="NULL" display_value="" name="x_snc_amazon_echo_slot_types" sys_domain="global" view="Default view">9dbeb106dbd9b200d1a9f1351d961979</sys_ui_section>
            <sys_updated_by>jc</sys_updated_by>
            <sys_updated_on>2017-03-05 23:42:37</sys_updated_on>
            <sys_user/>
            <type>.begin_split</type>
        </sys_ui_element>
        <sys_ui_element action="INSERT_OR_UPDATE">
            <element>slot_type</element>
            <position>1</position>
            <sys_created_by>jc</sys_created_by>
            <sys_created_on>2017-03-05 23:42:37</sys_created_on>
            <sys_id>19bef506dbd9b200d1a9f1351d961989</sys_id>
            <sys_mod_count>0</sys_mod_count>
            <sys_ui_formatter/>
            <sys_ui_section caption="NULL" display_value="" name="x_snc_amazon_echo_slot_types" sys_domain="global" view="Default view">9dbeb106dbd9b200d1a9f1351d961979</sys_ui_section>
            <sys_updated_by>jc</sys_updated_by>
            <sys_updated_on>2017-03-05 23:42:37</sys_updated_on>
            <sys_user/>
            <type/>
        </sys_ui_element>
        <sys_ui_element action="INSERT_OR_UPDATE">
            <element>.split</element>
            <position>2</position>
            <sys_created_by>jc</sys_created_by>
            <sys_created_on>2017-03-05 23:42:37</sys_created_on>
            <sys_id>99bef506dbd9b200d1a9f1351d961989</sys_id>
            <sys_mod_count>0</sys_mod_count>
            <sys_ui_formatter/>
            <sys_ui_section caption="NULL" display_value="" name="x_snc_amazon_echo_slot_types" sys_domain="global" view="Default view">9dbeb106dbd9b200d1a9f1351d961979</sys_ui_section>
            <sys_updated_by>jc</sys_updated_by>
            <sys_updated_on>2017-03-05 23:42:37</sys_updated_on>
            <sys_user/>
            <type>.split</type>
        </sys_ui_element>
        <sys_ui_element action="INSERT_OR_UPDATE">
            <element>source</element>
            <position>3</position>
            <sys_created_by>jc</sys_created_by>
            <sys_created_on>2017-03-05 23:42:37</sys_created_on>
            <sys_id>1dbef506dbd9b200d1a9f1351d961989</sys_id>
            <sys_mod_count>0</sys_mod_count>
            <sys_ui_formatter/>
            <sys_ui_section caption="NULL" display_value="" name="x_snc_amazon_echo_slot_types" sys_domain="global" view="Default view">9dbeb106dbd9b200d1a9f1351d961979</sys_ui_section>
            <sys_updated_by>jc</sys_updated_by>
            <sys_updated_on>2017-03-05 23:42:37</sys_updated_on>
            <sys_user/>
            <type/>
        </sys_ui_element>
        <sys_ui_element action="INSERT_OR_UPDATE">
            <element>.end_split</element>
            <position>4</position>
            <sys_created_by>jc</sys_created_by>
            <sys_created_on>2017-03-05 23:42:37</sys_created_on>
            <sys_id>9dbef506dbd9b200d1a9f1351d961989</sys_id>
            <sys_mod_count>0</sys_mod_count>
            <sys_ui_formatter/>
            <sys_ui_section caption="NULL" display_value="" name="x_snc_amazon_echo_slot_types" sys_domain="global" view="Default view">9dbeb106dbd9b200d1a9f1351d961979</sys_ui_section>
            <sys_updated_by>jc</sys_updated_by>
            <sys_updated_on>2017-03-05 23:42:37</sys_updated_on>
            <sys_user/>
            <type>.end_split</type>
        </sys_ui_element>
        <sys_ui_element action="INSERT_OR_UPDATE">
            <element>values</element>
            <position>5</position>
            <sys_created_by>jc</sys_created_by>
            <sys_created_on>2017-03-05 23:42:37</sys_created_on>
            <sys_id>11bef506dbd9b200d1a9f1351d96198a</sys_id>
            <sys_mod_count>0</sys_mod_count>
            <sys_ui_formatter/>
            <sys_ui_section caption="NULL" display_value="" name="x_snc_amazon_echo_slot_types" sys_domain="global" view="Default view">9dbeb106dbd9b200d1a9f1351d961979</sys_ui_section>
            <sys_updated_by>jc</sys_updated_by>
            <sys_updated_on>2017-03-05 23:42:37</sys_updated_on>
            <sys_user/>
            <type/>
        </sys_ui_element>
        <sys_ui_section action="INSERT_OR_UPDATE">
            <caption/>
            <header>false</header>
            <name>x_snc_amazon_echo_slot_types</name>
            <roles/>
            <sys_class_name>sys_ui_section</sys_class_name>
            <sys_created_by>jc</sys_created_by>
            <sys_created_on>2017-03-05 23:42:37</sys_created_on>
            <sys_customer_update>true</sys_customer_update>
            <sys_domain>global</sys_domain>
            <sys_domain_path>/</sys_domain_path>
            <sys_id>9dbeb106dbd9b200d1a9f1351d961979</sys_id>
            <sys_mod_count>0</sys_mod_count>
            <sys_name>x_snc_amazon_echo_slot_types</sys_name>
            <sys_overrides/>
            <sys_package display_value="Amazon Echo" source="x_snc_amazon_echo">101eb7da13a21200d0143d622244b063</sys_package>
            <sys_policy/>
            <sys_replace_on_upgrade>false</sys_replace_on_upgrade>
            <sys_scope display_value="Amazon Echo">101eb7da13a21200d0143d622244b063</sys_scope>
            <sys_update_name>sys_ui_section_9dbeb106dbd9b200d1a9f1351d961979</sys_update_name>
            <sys_updated_by>jc</sys_updated_by>
            <sys_updated_on>2017-03-05 23:42:37</sys_updated_on>
            <sys_user/>
            <title>true</title>
            <view display_value="Default view" name="NULL">Default view</view>
            <view_name/>
        </sys_ui_section>
    </sys_ui_section>
</record_update>
