<?xml version="1.0" encoding="UTF-8"?>
<record_update>
    <sys_documentation element="phrase" label="Phrase" language="en" table="x_snc_amazon_echo_phrases">
        <sys_documentation action="INSERT_OR_UPDATE">
            <element>phrase</element>
            <help>No special characters are allowed.</help>
            <hint>The utterance phrase to map to this intent. No special characters are allowed.</hint>
            <label>Phrase</label>
            <language>en</language>
            <name>x_snc_amazon_echo_phrases</name>
            <plural>Phrases</plural>
            <sys_class_name>sys_documentation</sys_class_name>
            <sys_created_by>jc</sys_created_by>
            <sys_created_on>2017-03-06 04:52:47</sys_created_on>
            <sys_customer_update>true</sys_customer_update>
            <sys_id>e0b58746db9db200d1a9f1351d9619c4</sys_id>
            <sys_mod_count>1</sys_mod_count>
            <sys_name>Phrase</sys_name>
            <sys_package display_value="Amazon Echo" source="x_snc_amazon_echo">101eb7da13a21200d0143d622244b063</sys_package>
            <sys_policy/>
            <sys_replace_on_upgrade>false</sys_replace_on_upgrade>
            <sys_scope display_value="Amazon Echo">101eb7da13a21200d0143d622244b063</sys_scope>
            <sys_update_name>sys_documentation_x_snc_amazon_echo_phrases_phrase_en</sys_update_name>
            <sys_updated_by>jc</sys_updated_by>
            <sys_updated_on>2017-04-13 20:46:58</sys_updated_on>
            <url/>
            <url_target/>
        </sys_documentation>
    </sys_documentation>
</record_update>
