<?xml version="1.0" encoding="UTF-8"?>
<record_update>
    <sys_ui_section caption="" section_id="212f965fdb0ef60015f2de01ce96197c" sys_domain="global" table="x_snc_amazon_echo_intent_category" version="3" view="">
        <sys_ui_annotation action="INSERT_OR_UPDATE">
            <is_plain_text>false</is_plain_text>
            <sys_created_by>jc</sys_created_by>
            <sys_created_on>2017-04-16 06:05:21</sys_created_on>
            <sys_id>177f1e5fdb0ef60015f2de01ce961922</sys_id>
            <sys_mod_count>0</sys_mod_count>
            <sys_updated_by>jc</sys_updated_by>
            <sys_updated_on>2017-04-16 06:05:21</sys_updated_on>
            <text>Intent Categories are used to group and organize your intents. When generating Schemas and Utterances, elements are sorted by Category.</text>
            <type display_value="Info Box Blue">753f88a80f930000b12e6903cfe01206</type>
        </sys_ui_annotation>
        <sys_ui_element action="INSERT_OR_UPDATE">
            <element>177f1e5fdb0ef60015f2de01ce961922</element>
            <position>0</position>
            <sys_created_by>jc</sys_created_by>
            <sys_created_on>2017-04-16 06:05:21</sys_created_on>
            <sys_id>9f7f1e5fdb0ef60015f2de01ce961922</sys_id>
            <sys_mod_count>0</sys_mod_count>
            <sys_ui_formatter/>
            <sys_ui_section caption="NULL" display_value="" name="x_snc_amazon_echo_intent_category" sys_domain="global" view="Default view">212f965fdb0ef60015f2de01ce96197c</sys_ui_section>
            <sys_updated_by>jc</sys_updated_by>
            <sys_updated_on>2017-04-16 06:05:21</sys_updated_on>
            <sys_user/>
            <type>annotation</type>
        </sys_ui_element>
        <sys_ui_element action="INSERT_OR_UPDATE">
            <element>name</element>
            <position>1</position>
            <sys_created_by>jc</sys_created_by>
            <sys_created_on>2017-04-16 06:05:21</sys_created_on>
            <sys_id>137f1e5fdb0ef60015f2de01ce961923</sys_id>
            <sys_mod_count>0</sys_mod_count>
            <sys_ui_formatter/>
            <sys_ui_section caption="NULL" display_value="" name="x_snc_amazon_echo_intent_category" sys_domain="global" view="Default view">212f965fdb0ef60015f2de01ce96197c</sys_ui_section>
            <sys_updated_by>jc</sys_updated_by>
            <sys_updated_on>2017-04-16 06:05:21</sys_updated_on>
            <sys_user/>
            <type/>
        </sys_ui_element>
        <sys_ui_element action="INSERT_OR_UPDATE">
            <element>active</element>
            <position>2</position>
            <sys_created_by>jc</sys_created_by>
            <sys_created_on>2017-04-16 06:05:21</sys_created_on>
            <sys_id>937f1e5fdb0ef60015f2de01ce961923</sys_id>
            <sys_mod_count>0</sys_mod_count>
            <sys_ui_formatter/>
            <sys_ui_section caption="NULL" display_value="" name="x_snc_amazon_echo_intent_category" sys_domain="global" view="Default view">212f965fdb0ef60015f2de01ce96197c</sys_ui_section>
            <sys_updated_by>jc</sys_updated_by>
            <sys_updated_on>2017-04-16 06:05:21</sys_updated_on>
            <sys_user/>
            <type/>
        </sys_ui_element>
        <sys_ui_section action="INSERT_OR_UPDATE">
            <caption/>
            <header>false</header>
            <name>x_snc_amazon_echo_intent_category</name>
            <roles/>
            <sys_class_name>sys_ui_section</sys_class_name>
            <sys_created_by>jc</sys_created_by>
            <sys_created_on>2017-04-16 06:03:51</sys_created_on>
            <sys_customer_update>true</sys_customer_update>
            <sys_domain>global</sys_domain>
            <sys_domain_path>/</sys_domain_path>
            <sys_id>212f965fdb0ef60015f2de01ce96197c</sys_id>
            <sys_mod_count>0</sys_mod_count>
            <sys_name>x_snc_amazon_echo_intent_category</sys_name>
            <sys_overrides/>
            <sys_package display_value="Amazon Echo" source="x_snc_amazon_echo">101eb7da13a21200d0143d622244b063</sys_package>
            <sys_policy/>
            <sys_replace_on_upgrade>false</sys_replace_on_upgrade>
            <sys_scope display_value="Amazon Echo">101eb7da13a21200d0143d622244b063</sys_scope>
            <sys_update_name>sys_ui_section_212f965fdb0ef60015f2de01ce96197c</sys_update_name>
            <sys_updated_by>jc</sys_updated_by>
            <sys_updated_on>2017-04-16 06:03:51</sys_updated_on>
            <sys_user/>
            <title>true</title>
            <view display_value="Default view" name="NULL">Default view</view>
            <view_name/>
        </sys_ui_section>
    </sys_ui_section>
</record_update>
