<?xml version="1.0" encoding="UTF-8"?>
<record_update table="sys_metadata_link">
    <sys_metadata_link action="INSERT_OR_UPDATE">
        <directory>unload</directory>
        <documentkey>8e95b24edb5db200d1a9f1351d9619d4</documentkey>
        <payload>&lt;?xml version="1.0" encoding="UTF-8"?&gt;
&lt;record_update table="x_snc_amazon_echo_intent"&gt;
    &lt;x_snc_amazon_echo_intent action="INSERT_OR_UPDATE"&gt;
        &lt;active&gt;false&lt;/active&gt;
        &lt;always_available&gt;false&lt;/always_available&gt;
        &lt;category/&gt;
        &lt;fallback&gt;false&lt;/fallback&gt;
        &lt;intent_ends_session&gt;false&lt;/intent_ends_session&gt;
        &lt;keyword&gt;CreateIncidentGetName&lt;/keyword&gt;
        &lt;name&gt;Create an incident (Get issue)&lt;/name&gt;
        &lt;next_intent&gt;0555b24edb5db200d1a9f1351d961952&lt;/next_intent&gt;
        &lt;order/&gt;
        &lt;output_speech_format/&gt;
        &lt;reprompt_speech_format/&gt;
        &lt;script&gt;&lt;![CDATA[(function(content, attributes){
	var name = content.Name.value;
	userAttributes = {};
	userAttributes.name = name;
	var attrObj = {};
	attrObj.UserAttributes = userAttributes;
	
	var erb = new EchoResponseBuilder();
	erb.setOutputSpeech("PlainText", "Hello, " + name +  ". Tell me your issue by saying 'My issue is...' followed by your issue.", "");
	erb.setReprompt("PlainText", "I didn't catch that. Tell me your issue by saying 'My issue is...' followed by your issue.", "");
	erb.setAttributes(attrObj);
	erb.setEnd(false);
	result = erb.getResponse();
	
})(content, attributes);]]&gt;&lt;/script&gt;
        &lt;slot_name_1&gt;Name&lt;/slot_name_1&gt;
        &lt;slot_name_2/&gt;
        &lt;slot_name_3/&gt;
        &lt;slot_type_1 display_value="AMAZON.LITERAL"&gt;d480c646dbd9b200d1a9f1351d9619a6&lt;/slot_type_1&gt;
        &lt;slot_type_2/&gt;
        &lt;slot_type_3/&gt;
        &lt;sys_created_by&gt;jc&lt;/sys_created_by&gt;
        &lt;sys_created_on&gt;2017-03-06 03:42:25&lt;/sys_created_on&gt;
        &lt;sys_id&gt;8e95b24edb5db200d1a9f1351d9619d4&lt;/sys_id&gt;
        &lt;sys_mod_count&gt;2&lt;/sys_mod_count&gt;
        &lt;sys_updated_by&gt;jc&lt;/sys_updated_by&gt;
        &lt;sys_updated_on&gt;2017-04-13 02:02:30&lt;/sys_updated_on&gt;
        &lt;top_level_intent&gt;false&lt;/top_level_intent&gt;
    &lt;/x_snc_amazon_echo_intent&gt;
&lt;/record_update&gt;
</payload>
        <sys_class_name>sys_metadata_link</sys_class_name>
        <sys_created_by>jc</sys_created_by>
        <sys_created_on>2017-05-13 01:47:15</sys_created_on>
        <sys_customer_update>true</sys_customer_update>
        <sys_id>8e57ac00db72f60015f2de01ce9619b9</sys_id>
        <sys_mod_count>0</sys_mod_count>
        <sys_name>Create an incident (Get issue)</sys_name>
        <sys_package display_value="Amazon Echo" source="x_snc_amazon_echo">101eb7da13a21200d0143d622244b063</sys_package>
        <sys_policy/>
        <sys_replace_on_upgrade>false</sys_replace_on_upgrade>
        <sys_scope display_value="Amazon Echo">101eb7da13a21200d0143d622244b063</sys_scope>
        <sys_update_name>sys_metadata_link_8e57ac00db72f60015f2de01ce9619b9</sys_update_name>
        <sys_updated_by>jc</sys_updated_by>
        <sys_updated_on>2017-05-13 01:47:15</sys_updated_on>
        <tablename>x_snc_amazon_echo_intent</tablename>
    </sys_metadata_link>
</record_update>
