<?xml version="1.0" encoding="UTF-8"?>
<database>
    <element label="Phrases" max_length="40" name="x_snc_amazon_echo_phrases" type="collection">
        <element default="true" label="Active" max_length="40" name="active" type="boolean"/>
        <element label="Intent" max_length="32" name="intent" reference="x_snc_amazon_echo_intent" type="reference"/>
        <element display="true" hint="The utterance phrase to map to this intent. No special characters are allowed." label="Phrase" max_length="400" name="phrase" type="string"/>
        <element label="Primary" max_length="40" name="primary" type="boolean"/>
        <index name="index">
            <element name="intent"/>
        </index>
    </element>
</database>
