<?xml version="1.0" encoding="UTF-8"?>
<database>
    <element attributes="update_synch=true" label="IntentOld" max_length="40" name="x_snc_amazon_echo_utterance" type="collection">
        <element label="Active" max_length="40" name="active" type="boolean"/>
        <element label="Intent keyword" max_length="40" name="keyword" type="string"/>
        <element label="Name" max_length="40" name="name" type="string"/>
        <element attributes="slushbucket_ref_no_expand=true,no_sort=true" label="Next" max_length="1024" name="next" reference="x_snc_amazon_echo_utterance" type="glide_list"/>
        <element default="(function(content, attributes, erb){&#13;&#10;&#9;/*&#13;&#10;&#9;erb.setOutputSpeech(&quot;PlainText/SSML&quot;, &quot;Text goes here&quot;, &quot;SSML goes here&quot;);&#13;&#10;&#9;erb.setReprompt(&quot;PlainText/SSML&quot;, &quot;Text goes here&quot;, &quot;SSML goes here&quot;);&#13;&#10;&#9;erb.setAttributes(attrObj); = Object of session attributes&#13;&#10;&#9;erb.setEnd(false); = Should this end the session?&#13;&#10;&#9;&#13;&#10;&#9;result = erb.getResponse(); = result must be set to the Response object&#13;&#10;&#9;*/&#13;&#10;&#9;&#13;&#10;})(content, attributes, new EchoResponseBuilder());" label="Script" max_length="8000" name="script" type="script"/>
        <element attributes="edge_encryption_enabled=true" label="Slot name" max_length="40" name="slot_name_1" type="string"/>
        <element attributes="edge_encryption_enabled=true" label="Slot name" max_length="40" name="slot_name_2" type="string"/>
        <element attributes="edge_encryption_enabled=true" label="Slot name" max_length="40" name="slot_name_3" type="string"/>
        <element attributes="edge_encryption_enabled=true" label="Slot type" max_length="40" name="slot_type_1" reference="x_snc_amazon_echo_slot_types" type="reference"/>
        <element attributes="edge_encryption_enabled=true" label="Slot type" max_length="40" name="slot_type_2" reference="x_snc_amazon_echo_slot_types" type="reference"/>
        <element attributes="edge_encryption_enabled=true" label="Slot type" max_length="40" name="slot_type_3" reference="x_snc_amazon_echo_slot_types" type="reference"/>
    </element>
</database>
